trait,model,rep,fold,thr_train_fold,n_pos_train,n_pos_test,n_test,auc,pr_auc,mcc,topk,p_pos_class
Tannin,LogReg,0,0,743.2414332900865,13,3,16,0.2051282051282051,0.154985754985755,-0.12403473458920847,0.0,3.0
Tannin,RandomForest,0,0,743.2414332900865,13,3,16,0.3076923076923076,0.17777777777777778,0.0,0.0,3.0
Tannin,MLP,0,0,743.2414332900865,13,3,16,0.4358974358974359,0.20555555555555557,-0.12403473458920847,0.0,3.0
Tannin,XGBoost,0,0,743.2414332900865,13,3,16,0.3333333333333333,0.1824074074074074,-0.18156825980064073,0.0,3.0
Tannin,LightGBM,0,0,743.2414332900865,13,3,16,0.4102564102564102,0.21666666666666667,0.09245003270420485,0.2,3.0
Tannin,LogReg,0,1,743.2414332900865,13,3,16,0.41025641025641024,0.2897727272727273,0.1794871794871795,0.2,3.0
Tannin,RandomForest,0,1,743.2414332900865,13,3,16,0.4871794871794871,0.3074074074074074,0.0,0.2,3.0
Tannin,MLP,0,1,743.2414332900865,13,3,16,0.3846153846153846,0.2847222222222222,0.30261376633440124,0.2,3.0
Tannin,XGBoost,0,1,743.2414332900865,13,3,16,0.4615384615384615,0.2222222222222222,0.0,0.0,3.0
Tannin,LightGBM,0,1,743.2414332900865,13,3,16,0.6153846153846154,0.3213675213675214,0.09245003270420485,0.4,3.0
Tannin,LogReg,0,2,743.2414332900865,13,3,16,0.5897435897435898,0.2935897435897436,0.2219167619785609,0.4,3.0
Tannin,RandomForest,0,2,743.2414332900865,13,3,16,0.3846153846153846,0.20138888888888887,0.0,0.0,3.0
Tannin,MLP,0,2,743.2414332900865,13,3,16,0.5641025641025641,0.27136752136752135,0.021591675854376522,0.2,3.0
Tannin,XGBoost,0,2,743.2414332900865,13,3,16,0.43589743589743585,0.22916666666666663,-0.12403473458920847,0.2,3.0
Tannin,LightGBM,0,2,743.2414332900865,13,3,16,0.3589743589743589,0.18514818514818515,-0.2773500981126145,0.0,3.0
Tannin,LogReg,0,3,724.921536219487,13,5,16,0.49090909090909085,0.3437698412698413,-0.16363636363636364,0.2,5.0
Tannin,RandomForest,0,3,724.921536219487,13,5,16,0.6545454545454545,0.456923076923077,0.0,0.4,5.0
Tannin,MLP,0,3,724.921536219487,13,5,16,0.5272727272727273,0.3447186147186147,-0.16363636363636364,0.2,5.0
Tannin,XGBoost,0,3,724.921536219487,13,5,16,0.2545454545454546,0.2532967032967033,-0.2548235957188128,0.0,5.0
Tannin,LightGBM,0,3,724.921536219487,13,5,16,0.12727272727272726,0.22632700632700634,-0.5222329678670935,0.0,5.0
Tannin,LogReg,0,4,738.2011254663246,13,3,15,0.3611111111111111,0.1994949494949495,-0.1336306209562122,0.0,3.0
Tannin,RandomForest,0,4,738.2011254663246,13,3,15,0.25,0.17727272727272728,0.0,0.0,3.0
Tannin,MLP,0,4,738.2011254663246,13,3,15,0.3888888888888889,0.21060606060606063,0.0,0.2,3.0
Tannin,XGBoost,0,4,738.2011254663246,13,3,15,0.08333333333333333,0.14761904761904762,0.0,0.0,3.0
Tannin,LightGBM,0,4,738.2011254663246,13,3,15,0.3055555555555556,0.18703703703703706,-0.19611613513818402,0.0,3.0
Tannin,LogReg,1,0,743.2414332900865,13,3,16,0.5641025641025641,0.3625,0.3670584895244009,0.4,3.0
Tannin,RandomForest,1,0,743.2414332900865,13,3,16,0.4615384615384615,0.22142857142857142,0.0,0.2,3.0
Tannin,MLP,1,0,743.2414332900865,13,3,16,0.5128205128205128,0.2611111111111111,-0.18156825980064073,0.2,3.0
Tannin,XGBoost,1,0,743.2414332900865,13,3,16,0.2564102564102564,0.16437728937728938,-0.12403473458920847,0.0,3.0
Tannin,LightGBM,1,0,743.2414332900865,13,3,16,0.5384615384615384,0.25,0.09245003270420485,0.2,3.0
Tannin,LogReg,1,1,743.2414332900865,13,3,16,0.6153846153846154,0.273015873015873,-0.18156825980064073,0.2,3.0
Tannin,RandomForest,1,1,743.2414332900865,13,3,16,0.5384615384615384,0.2388888888888889,0.0,0.0,3.0
Tannin,MLP,1,1,743.2414332900865,13,3,16,0.6666666666666667,0.31746031746031744,0.0,0.2,3.0
Tannin,XGBoost,1,1,743.2414332900865,13,3,16,0.3846153846153846,0.2,-0.12403473458920847,0.2,3.0
Tannin,LightGBM,1,1,743.2414332900865,13,3,16,0.41025641025641024,0.20419580419580421,0.021591675854376522,0.2,3.0
Tannin,LogReg,1,2,743.2414332900865,13,3,16,0.3846153846153846,0.1962962962962963,-0.32387513781564786,0.0,3.0
Tannin,RandomForest,1,2,743.2414332900865,13,3,16,0.3589743589743589,0.18571428571428572,0.0,0.0,3.0
Tannin,MLP,1,2,743.2414332900865,13,3,16,0.41025641025641024,0.21990740740740738,-0.18156825980064073,0.2,3.0
Tannin,XGBoost,1,2,743.2414332900865,13,3,16,0.282051282051282,0.1703703703703704,-0.18156825980064073,0.0,3.0
Tannin,LightGBM,1,2,743.2414332900865,13,3,16,0.2051282051282051,0.154985754985755,-0.2773500981126145,0.0,3.0
Tannin,LogReg,1,3,724.921536219487,13,5,16,0.6727272727272727,0.4723809523809524,-0.2548235957188128,0.6,5.0
Tannin,RandomForest,1,3,724.921536219487,13,5,16,0.6363636363636365,0.4246031746031746,0.0,0.4,5.0
Tannin,MLP,1,3,724.921536219487,13,5,16,0.5818181818181818,0.3815262515262515,-0.17407765595569785,0.4,5.0
Tannin,XGBoost,1,3,724.921536219487,13,5,16,0.4363636363636364,0.3158333333333333,0.0,0.2,5.0
Tannin,LightGBM,1,3,724.921536219487,13,5,16,0.3090909090909091,0.265974025974026,-0.17407765595569785,0.0,5.0
Tannin,LogReg,1,4,738.2011254663246,13,3,15,0.3055555555555555,0.28095238095238095,0.294174202707276,0.2,3.0
Tannin,RandomForest,1,4,738.2011254663246,13,3,15,0.41666666666666663,0.4606060606060606,0.0,0.2,3.0
Tannin,MLP,1,4,738.2011254663246,13,3,15,0.4166666666666667,0.22142857142857142,0.0,0.2,3.0
Tannin,XGBoost,1,4,738.2011254663246,13,3,15,0.3611111111111111,0.4512820512820513,0.0,0.2,3.0
Tannin,LightGBM,1,4,738.2011254663246,13,3,15,0.41666666666666663,0.2518518518518519,0.0,0.2,3.0
Tannin,LogReg,2,0,743.2414332900865,13,3,16,0.7692307692307692,0.4444444444444444,0.3670584895244009,0.4,3.0
Tannin,RandomForest,2,0,743.2414332900865,13,3,16,0.7692307692307692,0.38333333333333336,0.0,0.4,3.0
Tannin,MLP,2,0,743.2414332900865,13,3,16,0.846153846153846,0.5,0.1794871794871795,0.4,3.0
Tannin,XGBoost,2,0,743.2414332900865,13,3,16,0.4615384615384615,0.21313131313131314,-0.12403473458920847,0.0,3.0
Tannin,LightGBM,2,0,743.2414332900865,13,3,16,0.6923076923076923,0.626984126984127,0.16012815380508713,0.4,3.0
Tannin,LogReg,2,1,740.7953612186238,13,3,16,0.28205128205128205,0.17083333333333334,-0.3721042037676254,0.0,3.0
Tannin,RandomForest,2,1,740.7953612186238,13,3,16,0.28205128205128205,0.17083333333333334,0.0,0.0,3.0
Tannin,MLP,2,1,740.7953612186238,13,3,16,0.4102564102564102,0.21666666666666667,-0.10087125544480041,0.2,3.0
Tannin,XGBoost,2,1,740.7953612186238,13,3,16,0.3076923076923077,0.17824074074074073,-0.18156825980064073,0.0,3.0
Tannin,LightGBM,2,1,740.7953612186238,13,3,16,0.1538461538461538,0.14835858585858586,-0.18156825980064073,0.0,3.0
Tannin,LogReg,2,2,743.2414332900865,13,3,16,0.1282051282051282,0.1439814814814815,-0.2773500981126145,0.0,3.0
Tannin,RandomForest,2,2,743.2414332900865,13,3,16,0.10256410256410253,0.14206349206349206,0.0,0.0,3.0
Tannin,MLP,2,2,743.2414332900865,13,3,16,0.1282051282051282,0.14572649572649574,-0.12403473458920847,0.0,3.0
Tannin,XGBoost,2,2,743.2414332900865,13,3,16,0.0769230769230769,0.1378968253968254,0.0,0.0,3.0
Tannin,LightGBM,2,2,743.2414332900865,13,3,16,0.051282051282051246,0.13576007326007325,-0.12403473458920847,0.0,3.0
Tannin,LogReg,2,3,727.6185754669,13,4,16,0.4166666666666667,0.31185897435897436,-0.0778498944161523,0.2,4.0
Tannin,RandomForest,2,3,727.6185754669,13,4,16,0.3958333333333333,0.24464285714285716,0.0,0.0,4.0
Tannin,MLP,2,3,727.6185754669,13,4,16,0.3541666666666667,0.23392857142857143,-0.14907119849998599,0.2,4.0
Tannin,XGBoost,2,3,727.6185754669,13,4,16,0.375,0.2376984126984127,-0.14907119849998599,0.0,4.0
Tannin,LightGBM,2,3,727.6185754669,13,4,16,0.5,0.45892857142857146,-0.0778498944161523,0.2,4.0
Tannin,LogReg,2,4,738.2011254663246,13,3,15,0.47222222222222215,0.2621082621082621,0.07537783614444091,0.2,3.0
Tannin,RandomForest,2,4,738.2011254663246,13,3,15,0.5555555555555556,0.28535353535353536,0.0,0.2,3.0
Tannin,MLP,2,4,738.2011254663246,13,3,15,0.44444444444444436,0.2343304843304843,0.07537783614444091,0.2,3.0
Tannin,XGBoost,2,4,738.2011254663246,13,3,15,0.5555555555555556,0.3492063492063492,-0.1336306209562122,0.2,3.0
Tannin,LightGBM,2,4,738.2011254663246,13,3,15,0.5,0.2833333333333333,0.07537783614444091,0.4,3.0
Tannin,LogReg,3,0,743.2414332900865,13,3,16,0.3333333333333333,0.2767857142857143,0.0,0.2,3.0
Tannin,RandomForest,3,0,743.2414332900865,13,3,16,0.3846153846153845,0.19120879120879122,0.0,0.0,3.0
Tannin,MLP,3,0,743.2414332900865,13,3,16,0.5641025641025641,0.28809523809523807,-0.12403473458920847,0.4,3.0
Tannin,XGBoost,3,0,743.2414332900865,13,3,16,0.2564102564102564,0.16567460317460317,0.0,0.0,3.0
Tannin,LightGBM,3,0,743.2414332900865,13,3,16,0.23076923076923075,0.16567460317460317,-0.18156825980064073,0.0,3.0
Tannin,LogReg,3,1,743.2414332900865,13,3,16,0.5128205128205128,0.23164983164983166,-0.2773500981126145,0.2,3.0
Tannin,RandomForest,3,1,743.2414332900865,13,3,16,0.4871794871794871,0.22692307692307695,0.0,0.2,3.0
Tannin,MLP,3,1,743.2414332900865,13,3,16,0.6923076923076923,0.3206349206349206,-0.18156825980064073,0.2,3.0
Tannin,XGBoost,3,1,743.2414332900865,13,3,16,0.5641025641025641,0.25,0.0,0.2,3.0
Tannin,LightGBM,3,1,743.2414332900865,13,3,16,0.4615384615384615,0.21296296296296297,-0.12403473458920847,0.0,3.0
Tannin,LogReg,3,2,743.2414332900865,13,3,16,0.7692307692307693,0.4027777777777778,0.4622501635210242,0.4,3.0
Tannin,RandomForest,3,2,743.2414332900865,13,3,16,0.6923076923076923,0.3277777777777778,0.0,0.4,3.0
Tannin,MLP,3,2,743.2414332900865,13,3,16,0.641025641025641,0.3528138528138528,0.09245003270420485,0.2,3.0
Tannin,XGBoost,3,2,743.2414332900865,13,3,16,0.6666666666666667,0.30277777777777776,-0.12403473458920847,0.2,3.0
Tannin,LightGBM,3,2,743.2414332900865,13,3,16,0.717948717948718,0.33730158730158727,0.5447047794019222,0.2,3.0
Tannin,LogReg,3,3,724.921536219487,13,5,16,0.4,0.3411813186813187,0.021591675854376522,0.2,5.0
Tannin,RandomForest,3,3,724.921536219487,13,5,16,0.45454545454545453,0.3625,0.0,0.4,5.0
Tannin,MLP,3,3,724.921536219487,13,5,16,0.2181818181818182,0.2531349206349206,-0.2548235957188128,0.2,5.0
Tannin,XGBoost,3,3,724.921536219487,13,5,16,0.4000000000000001,0.3018939393939394,-0.17407765595569785,0.2,5.0
Tannin,LightGBM,3,3,724.921536219487,13,5,16,0.2727272727272727,0.2571553446553447,-0.2548235957188128,0.0,5.0
Tannin,LogReg,3,4,738.2011254663246,13,3,15,0.16666666666666666,0.1619047619047619,-0.35355339059327373,0.0,3.0
Tannin,RandomForest,3,4,738.2011254663246,13,3,15,0.08333333333333333,0.14825174825174825,0.0,0.0,3.0
Tannin,MLP,3,4,738.2011254663246,13,3,15,0.5,0.2554945054945055,0.07537783614444091,0.2,3.0
Tannin,XGBoost,3,4,738.2011254663246,13,3,15,0.1388888888888889,0.154985754985755,-0.1336306209562122,0.0,3.0
Tannin,LightGBM,3,4,738.2011254663246,13,3,15,0.02777777777777779,0.14206349206349206,-0.19611613513818402,0.0,3.0
Tannin,LogReg,4,0,743.2414332900865,13,3,16,0.28205128205128205,0.17032967032967034,-0.12403473458920847,0.0,3.0
Tannin,RandomForest,4,0,743.2414332900865,13,3,16,0.358974358974359,0.18716931216931218,0.0,0.0,3.0
Tannin,MLP,4,0,743.2414332900865,13,3,16,0.2564102564102564,0.16984126984126985,-0.12403473458920847,0.0,3.0
Tannin,XGBoost,4,0,743.2414332900865,13,3,16,0.282051282051282,0.19345238095238093,0.0,0.2,3.0
Tannin,LightGBM,4,0,743.2414332900865,13,3,16,0.17948717948717946,0.1508190883190883,-0.23076923076923078,0.0,3.0
Tannin,LogReg,4,1,745.9474440261074,13,3,16,0.1538461538461538,0.14761904761904762,-0.23076923076923078,0.0,3.0
Tannin,RandomForest,4,1,745.9474440261074,13,3,16,0.282051282051282,0.16984126984126985,0.0,0.0,3.0
Tannin,MLP,4,1,745.9474440261074,13,3,16,0.20512820512820512,0.15604395604395604,-0.32387513781564786,0.0,3.0
Tannin,XGBoost,4,1,745.9474440261074,13,3,16,0.0769230769230769,0.13724747474747473,-0.18156825980064073,0.0,3.0
Tannin,LightGBM,4,1,745.9474440261074,13,3,16,0.0769230769230769,0.13724747474747473,-0.32387513781564786,0.0,3.0
Tannin,LogReg,4,2,743.2414332900865,13,3,16,0.4615384615384615,0.2518518518518519,0.1794871794871795,0.2,3.0
Tannin,RandomForest,4,2,743.2414332900865,13,3,16,0.5641025641025641,0.2777777777777778,0.0,0.2,3.0
Tannin,MLP,4,2,743.2414332900865,13,3,16,0.6666666666666666,0.31666666666666665,-0.23076923076923078,0.4,3.0
Tannin,XGBoost,4,2,743.2414332900865,13,3,16,0.48717948717948717,0.23333333333333334,-0.23076923076923078,0.2,3.0
Tannin,LightGBM,4,2,743.2414332900865,13,3,16,0.2564102564102564,0.16536796536796539,-0.3721042037676254,0.0,3.0
Tannin,LogReg,4,3,724.921536219487,13,5,16,0.2909090909090909,0.2725,-0.16363636363636364,0.2,5.0
Tannin,RandomForest,4,3,724.921536219487,13,5,16,0.32727272727272727,0.27403846153846156,0.0,0.0,5.0
Tannin,MLP,4,3,724.921536219487,13,5,16,0.49090909090909085,0.33597069597069595,-0.16363636363636364,0.2,5.0
Tannin,XGBoost,4,3,724.921536219487,13,5,16,0.2909090909090909,0.2658333333333333,0.0,0.2,5.0
Tannin,LightGBM,4,3,724.921536219487,13,5,16,0.4363636363636364,0.4625,0.12727272727272726,0.4,5.0
Tannin,LogReg,4,4,738.2011254663246,13,3,15,0.3333333333333333,0.1962962962962963,-0.2004459314343183,0.0,3.0
Tannin,RandomForest,4,4,738.2011254663246,13,3,15,0.3611111111111111,0.20555555555555557,0.0,0.0,3.0
Tannin,MLP,4,4,738.2011254663246,13,3,15,0.3333333333333333,0.19761904761904764,-0.408248290463863,0.0,3.0
Tannin,XGBoost,4,4,738.2011254663246,13,3,15,0.3333333333333333,0.19761904761904764,-0.1336306209562122,0.0,3.0
Tannin,LightGBM,4,4,738.2011254663246,13,3,15,0.19444444444444442,0.16581196581196583,-0.19611613513818402,0.0,3.0
Phenol,LogReg,0,0,271.87928676181446,13,3,16,0.30769230769230765,0.22123015873015872,0.0,0.2,3.0
Phenol,RandomForest,0,0,271.87928676181446,13,3,16,0.3589743589743589,0.28044871794871795,0.0,0.2,3.0
Phenol,MLP,0,0,271.87928676181446,13,3,16,0.2564102564102564,0.19027777777777777,0.0,0.2,3.0
Phenol,XGBoost,0,0,271.87928676181446,13,3,16,0.3589743589743589,0.28095238095238095,0.0,0.2,3.0
Phenol,LightGBM,0,0,271.87928676181446,13,3,16,0.46153846153846145,0.2569444444444444,0.1794871794871795,0.2,3.0
Phenol,LogReg,0,1,271.87928676181446,13,3,16,0.2564102564102564,0.1655677655677656,-0.12403473458920847,0.0,3.0
Phenol,RandomForest,0,1,271.87928676181446,13,3,16,0.28205128205128205,0.21805555555555556,0.0,0.2,3.0
Phenol,MLP,0,1,271.87928676181446,13,3,16,0.3333333333333333,0.22489316239316237,-0.12403473458920847,0.2,3.0
Phenol,XGBoost,0,1,271.87928676181446,13,3,16,0.2564102564102564,0.19027777777777777,-0.12403473458920847,0.2,3.0
Phenol,LightGBM,0,1,271.87928676181446,13,3,16,0.23076923076923075,0.1736111111111111,-0.12403473458920847,0.2,3.0
Phenol,LogReg,0,2,271.87928676181446,13,3,16,0.3589743589743589,0.28044871794871795,0.09245003270420485,0.2,3.0
Phenol,RandomForest,0,2,271.87928676181446,13,3,16,0.43589743589743585,0.22142857142857142,0.0,0.2,3.0
Phenol,MLP,0,2,271.87928676181446,13,3,16,0.4615384615384615,0.21296296296296297,-0.12403473458920847,0.0,3.0
Phenol,XGBoost,0,2,271.87928676181446,13,3,16,0.48717948717948717,0.4699074074074074,0.30261376633440124,0.2,3.0
Phenol,LightGBM,0,2,271.87928676181446,13,3,16,0.358974358974359,0.44345238095238093,0.30261376633440124,0.2,3.0
Phenol,LogReg,0,3,256.67359988567335,13,5,16,0.2545454545454545,0.2544047619047619,-0.2548235957188128,0.0,5.0
Phenol,RandomForest,0,3,256.67359988567335,13,5,16,0.3090909090909091,0.2758333333333333,0.0,0.2,5.0
Phenol,MLP,0,3,256.67359988567335,13,5,16,0.23636363636363636,0.24884920634920635,-0.17407765595569785,0.0,5.0
Phenol,XGBoost,0,3,256.67359988567335,13,5,16,0.21818181818181817,0.24643162393162396,0.0,0.2,5.0
Phenol,LightGBM,0,3,256.67359988567335,13,5,16,0.34545454545454546,0.3032967032967033,-0.2548235957188128,0.2,5.0
Phenol,LogReg,0,4,270.4806389173449,13,3,15,0.3611111111111111,0.19914529914529916,-0.06804138174397717,0.0,3.0
Phenol,RandomForest,0,4,270.4806389173449,13,3,15,0.19444444444444445,0.16536796536796539,-0.1336306209562122,0.0,3.0
Phenol,MLP,0,4,270.4806389173449,13,3,15,0.16666666666666669,0.15974765974765975,-0.19611613513818402,0.0,3.0
Phenol,XGBoost,0,4,270.4806389173449,13,3,15,0.11111111111111112,0.1512820512820513,-0.30151134457776363,0.0,3.0
Phenol,LightGBM,0,4,270.4806389173449,13,3,15,0.16666666666666666,0.15925925925925927,-0.30151134457776363,0.0,3.0
Phenol,LogReg,1,0,271.8409976863829,13,3,16,0.5641025641025641,0.29365079365079366,-0.12403473458920847,0.2,3.0
Phenol,RandomForest,1,0,271.8409976863829,13,3,16,0.3846153846153845,0.19120879120879122,0.0,0.0,3.0
Phenol,MLP,1,0,271.8409976863829,13,3,16,0.6923076923076923,0.34444444444444444,-0.12403473458920847,0.4,3.0
Phenol,XGBoost,1,0,271.8409976863829,13,3,16,0.358974358974359,0.19212962962962962,0.0,0.0,3.0
Phenol,LightGBM,1,0,271.8409976863829,13,3,16,0.48717948717948717,0.22222222222222224,0.0,0.0,3.0
Phenol,LogReg,1,1,271.87928676181446,13,3,16,0.6153846153846153,0.5333333333333333,0.30261376633440124,0.4,3.0
Phenol,RandomForest,1,1,271.87928676181446,13,3,16,0.6153846153846153,0.5054945054945055,0.53748384988657,0.2,3.0
Phenol,MLP,1,1,271.87928676181446,13,3,16,0.6923076923076923,0.626984126984127,0.30261376633440124,0.4,3.0
Phenol,XGBoost,1,1,271.87928676181446,13,3,16,0.5641025641025641,0.4843304843304843,0.53748384988657,0.2,3.0
Phenol,LightGBM,1,1,271.87928676181446,13,3,16,0.7179487179487178,0.5396825396825397,0.30261376633440124,0.2,3.0
Phenol,LogReg,1,2,295.30582709653237,13,2,16,0.4642857142857143,0.3125,-0.047619047619047616,0.2,2.0
Phenol,RandomForest,1,2,295.30582709653237,13,2,16,0.42857142857142855,0.19166666666666665,-0.09759000729485333,0.2,2.0
Phenol,MLP,1,2,295.30582709653237,13,2,16,0.6071428571428572,0.3333333333333333,0.15289415743128767,0.2,2.0
Phenol,XGBoost,1,2,295.30582709653237,13,2,16,0.4285714285714286,0.22916666666666666,0.15289415743128767,0.2,2.0
Phenol,LightGBM,1,2,295.30582709653237,13,2,16,0.5714285714285714,0.3269230769230769,0.2182178902359924,0.2,2.0
Phenol,LogReg,1,3,267.64505415297407,13,4,16,0.08333333333333334,0.17726023976023977,-0.2773500981126145,0.0,4.0
Phenol,RandomForest,1,3,267.64505415297407,13,4,16,0.04166666666666666,0.17094155844155845,-0.14907119849998599,0.0,4.0
Phenol,MLP,1,3,267.64505415297407,13,4,16,0.16666666666666666,0.18898809523809523,-0.14907119849998599,0.0,4.0
Phenol,XGBoost,1,3,267.64505415297407,13,4,16,0.08333333333333334,0.17599206349206348,-0.2182178902359924,0.0,4.0
Phenol,LightGBM,1,3,267.64505415297407,13,4,16,0.10416666666666666,0.1794642857142857,-0.3892494720807615,0.0,4.0
Phenol,LogReg,1,4,270.4806389173449,13,3,15,0.4722222222222222,0.23164983164983166,-0.30151134457776363,0.2,3.0
Phenol,RandomForest,1,4,270.4806389173449,13,3,15,0.3333333333333333,0.19312169312169314,0.0,0.0,3.0
Phenol,MLP,1,4,270.4806389173449,13,3,15,0.3055555555555555,0.18716931216931215,-0.19611613513818402,0.0,3.0
Phenol,XGBoost,1,4,270.4806389173449,13,3,15,0.3055555555555556,0.18703703703703706,-0.1336306209562122,0.0,3.0
Phenol,LightGBM,1,4,270.4806389173449,13,3,15,0.41666666666666663,0.2272727272727273,-0.19611613513818402,0.2,3.0
Phenol,LogReg,2,0,271.8409976863829,13,3,16,0.641025641025641,0.35,0.1794871794871795,0.2,3.0
Phenol,RandomForest,2,0,271.8409976863829,13,3,16,0.5641025641025641,0.27609427609427606,0.0,0.2,3.0
Phenol,MLP,2,0,271.8409976863829,13,3,16,0.7435897435897436,0.5909090909090908,0.30261376633440124,0.4,3.0
Phenol,XGBoost,2,0,271.8409976863829,13,3,16,0.7692307692307692,0.4206349206349206,0.30261376633440124,0.2,3.0
Phenol,LightGBM,2,0,271.8409976863829,13,3,16,0.5641025641025641,0.32407407407407407,0.09245003270420485,0.2,3.0
Phenol,LogReg,2,1,271.87928676181446,13,3,16,0.5128205128205128,0.47916666666666663,0.09245003270420485,0.2,3.0
Phenol,RandomForest,2,1,271.87928676181446,13,3,16,0.5641025641025641,0.5069444444444444,0.53748384988657,0.2,3.0
Phenol,MLP,2,1,271.87928676181446,13,3,16,0.641025641025641,0.5213675213675213,0.30261376633440124,0.2,3.0
Phenol,XGBoost,2,1,271.87928676181446,13,3,16,0.5897435897435896,0.5291666666666667,0.53748384988657,0.4,3.0
Phenol,LightGBM,2,1,271.87928676181446,13,3,16,0.6923076923076923,0.5499999999999999,0.09245003270420485,0.4,3.0
Phenol,LogReg,2,2,271.87928676181446,13,3,16,0.2564102564102564,0.1638888888888889,-0.32387513781564786,0.0,3.0
Phenol,RandomForest,2,2,271.87928676181446,13,3,16,0.3589743589743589,0.20643939393939392,0.0,0.2,3.0
Phenol,MLP,2,2,271.87928676181446,13,3,16,0.41025641025641024,0.2383838383838384,-0.12403473458920847,0.2,3.0
Phenol,XGBoost,2,2,271.87928676181446,13,3,16,0.41025641025641024,0.2383838383838384,-0.12403473458920847,0.2,3.0
Phenol,LightGBM,2,2,271.87928676181446,13,3,16,0.5384615384615384,0.28888888888888886,0.2219167619785609,0.2,3.0
Phenol,LogReg,2,3,256.7310334988207,13,5,16,0.32727272727272727,0.29916666666666664,-0.0778498944161523,0.2,5.0
Phenol,RandomForest,2,3,256.7310334988207,13,5,16,0.18181818181818182,0.23517316017316017,0.0,0.0,5.0
Phenol,MLP,2,3,256.7310334988207,13,5,16,0.38181818181818183,0.3125,0.0,0.4,5.0
Phenol,XGBoost,2,3,256.7310334988207,13,5,16,0.34545454545454546,0.275974025974026,-0.2548235957188128,0.0,5.0
Phenol,LightGBM,2,3,256.7310334988207,13,5,16,0.21818181818181817,0.24314019314019314,-0.3892494720807615,0.0,5.0
Phenol,LogReg,2,4,286.0983324738237,13,2,15,0.15384615384615385,0.11666666666666667,-0.23652495839563303,0.0,2.0
Phenol,RandomForest,2,4,286.0983324738237,13,2,15,0.4230769230769231,0.1625,-0.10482848367219183,0.0,2.0
Phenol,MLP,2,4,286.0983324738237,13,2,15,0.3846153846153846,0.15476190476190477,-0.2773500981126146,0.0,2.0
Phenol,XGBoost,2,4,286.0983324738237,13,2,15,0.4615384615384615,0.17142857142857143,-0.23652495839563303,0.0,2.0
Phenol,LightGBM,2,4,286.0983324738237,13,2,15,0.1923076923076923,0.12237762237762238,-0.23652495839563303,0.0,2.0
Phenol,LogReg,3,0,295.2675380211008,13,2,16,0.39285714285714285,0.16666666666666669,-0.18156825980064073,0.2,2.0
Phenol,RandomForest,3,0,295.2675380211008,13,2,16,0.2142857142857143,0.11805555555555555,-0.09759000729485333,0.0,2.0
Phenol,MLP,3,0,295.2675380211008,13,2,16,0.42857142857142855,0.19166666666666665,-0.14285714285714285,0.2,2.0
Phenol,XGBoost,3,0,295.2675380211008,13,2,16,0.3571428571428571,0.15,-0.09759000729485333,0.0,2.0
Phenol,LightGBM,3,0,295.2675380211008,13,2,16,0.39285714285714285,0.16666666666666669,-0.2182178902359924,0.2,2.0
Phenol,LogReg,3,1,271.87928676181446,13,3,16,0.641025641025641,0.5074074074074074,-0.041344911529736156,0.2,3.0
Phenol,RandomForest,3,1,271.87928676181446,13,3,16,0.4102564102564102,0.45138888888888884,0.30261376633440124,0.2,3.0
Phenol,MLP,3,1,271.87928676181446,13,3,16,0.641025641025641,0.5075757575757576,0.021591675854376522,0.2,3.0
Phenol,XGBoost,3,1,271.87928676181446,13,3,16,0.5641025641025641,0.4880952380952381,0.021591675854376522,0.2,3.0
Phenol,LightGBM,3,1,271.87928676181446,13,3,16,0.43589743589743585,0.29365079365079366,0.09245003270420485,0.2,3.0
Phenol,LogReg,3,2,271.87928676181446,13,3,16,0.23076923076923075,0.16140109890109888,-0.3721042037676254,0.0,3.0
Phenol,RandomForest,3,2,271.87928676181446,13,3,16,0.23076923076923073,0.1597222222222222,0.0,0.0,3.0
Phenol,MLP,3,2,271.87928676181446,13,3,16,0.4358974358974359,0.29393939393939394,0.021591675854376522,0.2,3.0
Phenol,XGBoost,3,2,271.87928676181446,13,3,16,0.20512820512820512,0.16249999999999998,-0.23076923076923078,0.0,3.0
Phenol,LightGBM,3,2,271.87928676181446,13,3,16,0.2564102564102564,0.17678571428571427,-0.18156825980064073,0.2,3.0
Phenol,LogReg,3,3,267.64505415297407,13,4,16,0.375,0.26607142857142857,0.09245003270420485,0.2,4.0
Phenol,RandomForest,3,3,267.64505415297407,13,4,16,0.3333333333333333,0.2263888888888889,0.0,0.0,4.0
Phenol,MLP,3,3,267.64505415297407,13,4,16,0.375,0.24162087912087912,-0.3333333333333333,0.2,4.0
Phenol,XGBoost,3,3,267.64505415297407,13,4,16,0.2916666666666667,0.22023809523809523,-0.14907119849998599,0.0,4.0
Phenol,LightGBM,3,3,267.64505415297407,13,4,16,0.14583333333333331,0.18875291375291375,-0.2182178902359924,0.0,4.0
Phenol,LogReg,3,4,270.4806389173449,13,3,15,0.1388888888888889,0.154985754985755,-0.19611613513818402,0.0,3.0
Phenol,RandomForest,3,4,270.4806389173449,13,3,15,0.36111111111111105,0.20740740740740743,0.0,0.2,3.0
Phenol,MLP,3,4,270.4806389173449,13,3,15,0.27777777777777773,0.18888888888888888,-0.1336306209562122,0.2,3.0
Phenol,XGBoost,3,4,270.4806389173449,13,3,15,0.5,0.24831649831649832,-0.1336306209562122,0.2,3.0
Phenol,LightGBM,3,4,270.4806389173449,13,3,15,0.5,0.48333333333333334,0.5345224838248488,0.2,3.0
Phenol,LogReg,4,0,295.30582709653237,13,2,16,0.3214285714285714,0.14583333333333331,-0.2548235957188128,0.0,2.0
Phenol,RandomForest,4,0,295.30582709653237,13,2,16,0.35714285714285715,0.1388888888888889,-0.09759000729485333,0.0,2.0
Phenol,MLP,4,0,295.30582709653237,13,2,16,0.4642857142857143,0.23333333333333334,-0.14285714285714285,0.2,2.0
Phenol,XGBoost,4,0,295.30582709653237,13,2,16,0.32142857142857145,0.13247863247863248,-0.18156825980064073,0.0,2.0
Phenol,LightGBM,4,0,295.30582709653237,13,2,16,0.6071428571428572,0.225,0.2182178902359924,0.2,2.0
Phenol,LogReg,4,1,271.87928676181446,13,3,16,0.3846153846153846,0.2106060606060606,0.021591675854376522,0.2,3.0
Phenol,RandomForest,4,1,271.87928676181446,13,3,16,0.3846153846153846,0.1987012987012987,0.0,0.2,3.0
Phenol,MLP,4,1,271.87928676181446,13,3,16,0.23076923076923073,0.1597222222222222,-0.32387513781564786,0.0,3.0
Phenol,XGBoost,4,1,271.87928676181446,13,3,16,0.4358974358974358,0.2102564102564103,-0.18156825980064073,0.2,3.0
Phenol,LightGBM,4,1,271.87928676181446,13,3,16,0.5897435897435896,0.28968253968253965,0.021591675854376522,0.2,3.0
Phenol,LogReg,4,2,260.9269770322295,13,5,16,0.23636363636363636,0.2501010101010101,-0.2548235957188128,0.0,5.0
Phenol,RandomForest,4,2,260.9269770322295,13,5,16,0.3090909090909091,0.26737179487179485,0.0,0.0,5.0
Phenol,MLP,4,2,260.9269770322295,13,5,16,0.34545454545454546,0.2782051282051282,-0.2548235957188128,0.0,5.0
Phenol,XGBoost,4,2,260.9269770322295,13,5,16,0.45454545454545453,0.3520238095238095,-0.2548235957188128,0.4,5.0
Phenol,LightGBM,4,2,260.9269770322295,13,5,16,0.32727272727272727,0.28969502719502715,-0.0778498944161523,0.2,5.0
Phenol,LogReg,4,3,267.64505415297407,13,4,16,0.2708333333333333,0.21564685314685317,-0.0778498944161523,0.2,4.0
Phenol,RandomForest,4,3,267.64505415297407,13,4,16,0.1875,0.19277597402597402,-0.14907119849998599,0.0,4.0
Phenol,MLP,4,3,267.64505415297407,13,4,16,0.375,0.24305555555555552,-0.2182178902359924,0.2,4.0
Phenol,XGBoost,4,3,267.64505415297407,13,4,16,0.2708333333333333,0.21329365079365079,-0.14907119849998599,0.0,4.0
Phenol,LightGBM,4,3,267.64505415297407,13,4,16,0.2916666666666667,0.2285714285714286,-0.14907119849998599,0.2,4.0
Phenol,LogReg,4,4,270.4806389173449,13,3,15,0.6944444444444444,0.7380952380952381,0.35355339059327373,0.4,3.0
Phenol,RandomForest,4,4,270.4806389173449,13,3,15,0.638888888888889,0.5714285714285714,0.5345224838248488,0.4,3.0
Phenol,MLP,4,4,270.4806389173449,13,3,15,0.7222222222222222,0.7435897435897436,0.5833333333333334,0.4,3.0
Phenol,XGBoost,4,4,270.4806389173449,13,3,15,0.6666666666666666,0.7333333333333334,0.5833333333333334,0.4,3.0
Phenol,LightGBM,4,4,270.4806389173449,13,3,15,0.7222222222222222,0.6388888888888888,0.294174202707276,0.4,3.0
Flavonoid,LogReg,0,0,162.73498789578457,13,3,16,0.3076923076923076,0.19761904761904764,-0.041344911529736156,0.2,3.0
Flavonoid,RandomForest,0,0,162.73498789578457,13,3,16,0.3846153846153846,0.2847222222222222,0.0,0.2,3.0
Flavonoid,MLP,0,0,162.73498789578457,13,3,16,0.3076923076923076,0.19761904761904764,-0.18156825980064073,0.2,3.0
Flavonoid,XGBoost,0,0,162.73498789578457,13,3,16,0.282051282051282,0.1736111111111111,-0.2773500981126145,0.0,3.0
Flavonoid,LightGBM,0,0,162.73498789578457,13,3,16,0.23076923076923075,0.1603174603174603,-0.32387513781564786,0.0,3.0
Flavonoid,LogReg,0,1,162.8412459820631,13,3,16,0.0769230769230769,0.13724747474747473,-0.23076923076923078,0.0,3.0
Flavonoid,RandomForest,0,1,162.8412459820631,13,3,16,0.1282051282051282,0.1440850815850816,0.0,0.0,3.0
Flavonoid,MLP,0,1,162.8412459820631,13,3,16,0.28205128205128205,0.17086247086247086,-0.12403473458920847,0.0,3.0
Flavonoid,XGBoost,0,1,162.8412459820631,13,3,16,0.1282051282051282,0.1439814814814815,-0.18156825980064073,0.0,3.0
Flavonoid,LightGBM,0,1,162.8412459820631,13,3,16,0.15384615384615385,0.14711538461538462,-0.2773500981126145,0.0,3.0
Flavonoid,LogReg,0,2,162.73498789578457,13,3,16,0.3846153846153846,0.2,-0.2773500981126145,0.2,3.0
Flavonoid,RandomForest,0,2,162.73498789578457,13,3,16,0.20512820512820512,0.15643939393939393,-0.12403473458920847,0.0,3.0
Flavonoid,MLP,0,2,162.73498789578457,13,3,16,0.41025641025641024,0.20555555555555557,-0.2773500981126145,0.0,3.0
Flavonoid,XGBoost,0,2,162.73498789578457,13,3,16,0.20512820512820512,0.15643939393939393,-0.2773500981126145,0.0,3.0
Flavonoid,LightGBM,0,2,162.73498789578457,13,3,16,0.15384615384615385,0.14861111111111108,-0.32387513781564786,0.0,3.0
Flavonoid,LogReg,0,3,160.1212830479078,13,5,16,0.32727272727272727,0.27190476190476187,-0.17407765595569785,0.0,5.0
Flavonoid,RandomForest,0,3,160.1212830479078,13,5,16,0.49090909090909085,0.5196428571428572,0.0,0.4,5.0
Flavonoid,MLP,0,3,160.1212830479078,13,5,16,0.3090909090909091,0.27296703296703295,-0.17407765595569785,0.2,5.0
Flavonoid,XGBoost,0,3,160.1212830479078,13,5,16,0.41818181818181815,0.34296703296703296,0.0,0.2,5.0
Flavonoid,LightGBM,0,3,160.1212830479078,13,5,16,0.5272727272727273,0.3763170163170163,-0.17407765595569785,0.4,5.0
Flavonoid,LogReg,0,4,162.15711339220752,13,3,15,0.5833333333333334,0.4,0.294174202707276,0.4,3.0
Flavonoid,RandomForest,0,4,162.15711339220752,13,3,15,0.4444444444444444,0.2550505050505051,0.0,0.2,3.0
Flavonoid,MLP,0,4,162.15711339220752,13,3,15,0.5833333333333334,0.3055555555555556,-0.1336306209562122,0.2,3.0
Flavonoid,XGBoost,0,4,162.15711339220752,13,3,15,0.05555555555555558,0.14572649572649574,0.0,0.0,3.0
Flavonoid,LightGBM,0,4,162.15711339220752,13,3,15,0.05555555555555558,0.14572649572649574,-0.1336306209562122,0.0,3.0
Flavonoid,LogReg,1,0,162.88753404707975,13,3,16,0.2051282051282051,0.15555555555555556,-0.4236592728681617,0.0,3.0
Flavonoid,RandomForest,1,0,162.88753404707975,13,3,16,0.33333333333333326,0.18062678062678064,0.0,0.0,3.0
Flavonoid,MLP,1,0,162.88753404707975,13,3,16,0.2051282051282051,0.1572871572871573,-0.18156825980064073,0.0,3.0
Flavonoid,XGBoost,1,0,162.88753404707975,13,3,16,0.3846153846153846,0.1962962962962963,-0.18156825980064073,0.0,3.0
Flavonoid,LightGBM,1,0,162.88753404707975,13,3,16,0.30769230769230765,0.17513227513227514,-0.12403473458920847,0.0,3.0
Flavonoid,LogReg,1,1,162.73498789578457,13,3,16,0.41025641025641024,0.19907407407407407,-0.32387513781564786,0.0,3.0
Flavonoid,RandomForest,1,1,162.73498789578457,13,3,16,0.2564102564102564,0.16581196581196583,0.0,0.0,3.0
Flavonoid,MLP,1,1,162.73498789578457,13,3,16,0.30769230769230765,0.17414529914529916,-0.18156825980064073,0.0,3.0
Flavonoid,XGBoost,1,1,162.73498789578457,13,3,16,0.2051282051282051,0.1572871572871573,-0.12403473458920847,0.0,3.0
Flavonoid,LightGBM,1,1,162.73498789578457,13,3,16,0.41025641025641024,0.20105820105820105,-0.18156825980064073,0.0,3.0
Flavonoid,LogReg,1,2,162.73498789578457,13,3,16,0.28205128205128205,0.21805555555555556,0.021591675854376522,0.2,3.0
Flavonoid,RandomForest,1,2,162.73498789578457,13,3,16,0.2564102564102564,0.19027777777777777,0.0,0.2,3.0
Flavonoid,MLP,1,2,162.73498789578457,13,3,16,0.30769230769230765,0.22123015873015872,0.09245003270420485,0.2,3.0
Flavonoid,XGBoost,1,2,162.73498789578457,13,3,16,0.20512820512820512,0.16249999999999998,-0.23076923076923078,0.0,3.0
Flavonoid,LightGBM,1,2,162.73498789578457,13,3,16,0.07692307692307687,0.13992673992673993,-0.2773500981126145,0.0,3.0
Flavonoid,LogReg,1,3,161.0082244482206,13,4,16,0.41666666666666663,0.2826923076923077,0.14907119849998599,0.4,4.0
Flavonoid,RandomForest,1,3,161.0082244482206,13,4,16,0.29166666666666663,0.22852564102564102,0.0,0.2,4.0
Flavonoid,MLP,1,3,161.0082244482206,13,4,16,0.43749999999999994,0.303525641025641,-0.2182178902359924,0.4,4.0
Flavonoid,XGBoost,1,3,161.0082244482206,13,4,16,0.41666666666666663,0.2701923076923077,-0.14907119849998599,0.2,4.0
Flavonoid,LightGBM,1,3,161.0082244482206,13,4,16,0.29166666666666663,0.2148351648351648,-0.3333333333333333,0.0,4.0
Flavonoid,LogReg,1,4,162.15711339220752,13,3,15,0.5555555555555556,0.33333333333333337,0.294174202707276,0.2,3.0
Flavonoid,RandomForest,1,4,162.15711339220752,13,3,15,0.4722222222222222,0.23333333333333334,0.0,0.2,3.0
Flavonoid,MLP,1,4,162.15711339220752,13,3,15,0.6388888888888888,0.46031746031746035,-0.1336306209562122,0.4,3.0
Flavonoid,XGBoost,1,4,162.15711339220752,13,3,15,0.4722222222222222,0.31666666666666665,-0.1336306209562122,0.2,3.0
Flavonoid,LightGBM,1,4,162.15711339220752,13,3,15,0.38888888888888884,0.20655270655270655,-0.19611613513818402,0.0,3.0
Flavonoid,LogReg,2,0,162.83928596401535,13,3,16,0.43589743589743585,0.21666666666666667,-0.18156825980064073,0.2,3.0
Flavonoid,RandomForest,2,0,162.83928596401535,13,3,16,0.23076923076923073,0.1619047619047619,0.0,0.0,3.0
Flavonoid,MLP,2,0,162.83928596401535,13,3,16,0.15384615384615385,0.14861111111111108,0.0,0.0,3.0
Flavonoid,XGBoost,2,0,162.83928596401535,13,3,16,0.20512820512820512,0.15544871794871795,0.0,0.0,3.0
Flavonoid,LightGBM,2,0,162.83928596401535,13,3,16,0.2564102564102564,0.16536796536796539,-0.18156825980064073,0.0,3.0
Flavonoid,LogReg,2,1,162.73498789578457,13,3,16,0.2051282051282051,0.15595238095238095,-0.2773500981126145,0.0,3.0
Flavonoid,RandomForest,2,1,162.73498789578457,13,3,16,0.3846153846153846,0.21031746031746035,0.0,0.2,3.0
Flavonoid,MLP,2,1,162.73498789578457,13,3,16,0.3333333333333333,0.18282828282828284,-0.23076923076923078,0.0,3.0
Flavonoid,XGBoost,2,1,162.73498789578457,13,3,16,0.2564102564102564,0.17678571428571427,-0.18156825980064073,0.2,3.0
Flavonoid,LightGBM,2,1,162.73498789578457,13,3,16,0.2564102564102564,0.16567460317460317,-0.3721042037676254,0.0,3.0
Flavonoid,LogReg,2,2,162.73498789578457,13,3,16,0.2051282051282051,0.15773809523809523,-0.16012815380508713,0.0,3.0
Flavonoid,RandomForest,2,2,162.73498789578457,13,3,16,0.15384615384615385,0.14861111111111108,0.0,0.0,3.0
Flavonoid,MLP,2,2,162.73498789578457,13,3,16,0.3333333333333333,0.2013888888888889,-0.041344911529736156,0.2,3.0
Flavonoid,XGBoost,2,2,162.73498789578457,13,3,16,0.1282051282051282,0.1440850815850816,-0.2773500981126145,0.0,3.0
Flavonoid,LightGBM,2,2,162.73498789578457,13,3,16,0.28205128205128205,0.1735042735042735,-0.041344911529736156,0.0,3.0
Flavonoid,LogReg,2,3,161.0082244482206,13,4,16,0.3541666666666667,0.25769230769230766,0.09245003270420485,0.2,4.0
Flavonoid,RandomForest,2,3,161.0082244482206,13,4,16,0.5,0.3541208791208791,0.0,0.4,4.0
Flavonoid,MLP,2,3,161.0082244482206,13,4,16,0.3958333333333333,0.4245754245754246,0.4472135954999579,0.2,4.0
Flavonoid,XGBoost,2,3,161.0082244482206,13,4,16,0.3958333333333333,0.24516594516594514,0.0,0.2,4.0
Flavonoid,LightGBM,2,3,161.0082244482206,13,4,16,0.2708333333333333,0.21666666666666665,-0.2773500981126145,0.0,4.0
Flavonoid,LogReg,2,4,162.16005341927917,13,3,15,0.25,0.17500000000000002,-0.19611613513818402,0.0,3.0
Flavonoid,RandomForest,2,4,162.16005341927917,13,3,15,0.3888888888888889,0.21031746031746032,0.0,0.0,3.0
Flavonoid,MLP,2,4,162.16005341927917,13,3,15,0.3333333333333333,0.19312169312169314,-0.30151134457776363,0.0,3.0
Flavonoid,XGBoost,2,4,162.16005341927917,13,3,15,0.5277777777777778,0.2611111111111111,-0.1336306209562122,0.2,3.0
Flavonoid,LightGBM,2,4,162.16005341927917,13,3,15,0.2222222222222222,0.16865079365079363,-0.19611613513818402,0.0,3.0
Flavonoid,LogReg,3,0,162.73498789578457,13,3,16,0.3589743589743589,0.22916666666666666,0.09245003270420485,0.2,3.0
Flavonoid,RandomForest,3,0,162.73498789578457,13,3,16,0.4358974358974359,0.29393939393939394,0.0,0.2,3.0
Flavonoid,MLP,3,0,162.73498789578457,13,3,16,0.4615384615384615,0.30000000000000004,0.1794871794871795,0.2,3.0
Flavonoid,XGBoost,3,0,162.73498789578457,13,3,16,0.3846153846153846,0.4476190476190476,0.30261376633440124,0.2,3.0
Flavonoid,LightGBM,3,0,162.73498789578457,13,3,16,0.3846153846153846,0.2125,0.021591675854376522,0.2,3.0
Flavonoid,LogReg,3,1,162.73498789578457,13,3,16,0.3846153846153846,0.19461279461279463,-0.2773500981126145,0.0,3.0
Flavonoid,RandomForest,3,1,162.73498789578457,13,3,16,0.3589743589743589,0.18571428571428572,0.0,0.0,3.0
Flavonoid,MLP,3,1,162.73498789578457,13,3,16,0.33333333333333326,0.18062678062678064,-0.32387513781564786,0.0,3.0
Flavonoid,XGBoost,3,1,162.73498789578457,13,3,16,0.282051282051282,0.16951566951566954,-0.18156825980064073,0.0,3.0
Flavonoid,LightGBM,3,1,162.73498789578457,13,3,16,0.5128205128205128,0.2611111111111111,-0.18156825980064073,0.2,3.0
Flavonoid,LogReg,3,2,162.83928596401535,13,3,16,0.3333333333333333,0.1841931216931217,-0.23076923076923078,0.0,3.0
Flavonoid,RandomForest,3,2,162.83928596401535,13,3,16,0.28205128205128205,0.17083333333333334,0.0,0.0,3.0
Flavonoid,MLP,3,2,162.83928596401535,13,3,16,0.5641025641025641,0.2574074074074074,-0.18156825980064073,0.2,3.0
Flavonoid,XGBoost,3,2,162.83928596401535,13,3,16,0.1538461538461538,0.14835858585858586,-0.12403473458920847,0.0,3.0
Flavonoid,LightGBM,3,2,162.83928596401535,13,3,16,0.20512820512820512,0.16249999999999998,-0.23076923076923078,0.0,3.0
Flavonoid,LogReg,3,3,161.0082244482206,13,4,16,0.39583333333333337,0.425,0.0,0.2,4.0
Flavonoid,RandomForest,3,3,161.0082244482206,13,4,16,0.6041666666666667,0.4015151515151515,0.0,0.4,4.0
Flavonoid,MLP,3,3,161.0082244482206,13,4,16,0.375,0.2708333333333333,0.0,0.2,4.0
Flavonoid,XGBoost,3,3,161.0082244482206,13,4,16,0.39583333333333337,0.4257478632478633,0.2182178902359924,0.2,4.0
Flavonoid,LightGBM,3,3,161.0082244482206,13,4,16,0.3958333333333333,0.43392857142857144,0.4472135954999579,0.2,4.0
Flavonoid,LogReg,3,4,162.16005341927917,13,3,15,0.22222222222222224,0.1703703703703704,-0.30151134457776363,0.0,3.0
Flavonoid,RandomForest,3,4,162.16005341927917,13,3,15,0.3611111111111111,0.20238095238095238,0.0,0.0,3.0
Flavonoid,MLP,3,4,162.16005341927917,13,3,15,0.49999999999999994,0.3176638176638177,0.07537783614444091,0.2,3.0
Flavonoid,XGBoost,3,4,162.16005341927917,13,3,15,0.3055555555555556,0.1875901875901876,-0.25,0.0,3.0
Flavonoid,LightGBM,3,4,162.16005341927917,13,3,15,0.3888888888888889,0.21666666666666667,-0.25,0.2,3.0
Flavonoid,LogReg,4,0,162.73498789578457,13,3,16,0.28205128205128205,0.18044871794871795,-0.23076923076923078,0.2,3.0
Flavonoid,RandomForest,4,0,162.73498789578457,13,3,16,0.3076923076923077,0.17826617826617824,0.0,0.0,3.0
Flavonoid,MLP,4,0,162.73498789578457,13,3,16,0.3589743589743589,0.19393939393939397,-0.2773500981126145,0.2,3.0
Flavonoid,XGBoost,4,0,162.73498789578457,13,3,16,0.33333333333333326,0.17965367965367968,-0.12403473458920847,0.0,3.0
Flavonoid,LightGBM,4,0,162.73498789578457,13,3,16,0.23076923076923075,0.1596153846153846,-0.18156825980064073,0.0,3.0
Flavonoid,LogReg,4,1,162.7330278777368,13,3,16,0.10256410256410256,0.14027777777777778,-0.32387513781564786,0.0,3.0
Flavonoid,RandomForest,4,1,162.7330278777368,13,3,16,0.5641025641025641,0.3242424242424242,0.0,0.2,3.0
Flavonoid,MLP,4,1,162.7330278777368,13,3,16,0.17948717948717946,0.1512820512820513,-0.23076923076923078,0.0,3.0
Flavonoid,XGBoost,4,1,162.7330278777368,13,3,16,0.3846153846153846,0.4471153846153846,0.0,0.2,3.0
Flavonoid,LightGBM,4,1,162.7330278777368,13,3,16,0.3589743589743589,0.22916666666666666,0.1794871794871795,0.2,3.0
Flavonoid,LogReg,4,2,162.73498789578457,13,3,16,0.41025641025641024,0.20740740740740743,-0.041344911529736156,0.2,3.0
Flavonoid,RandomForest,4,2,162.73498789578457,13,3,16,0.4358974358974359,0.4564393939393939,0.0,0.2,3.0
Flavonoid,MLP,4,2,162.73498789578457,13,3,16,0.48717948717948717,0.26884920634920634,-0.12403473458920847,0.2,3.0
Flavonoid,XGBoost,4,2,162.73498789578457,13,3,16,0.43589743589743585,0.24444444444444444,-0.12403473458920847,0.2,3.0
Flavonoid,LightGBM,4,2,162.73498789578457,13,3,16,0.4871794871794871,0.4666666666666667,0.30261376633440124,0.2,3.0
Flavonoid,LogReg,4,3,160.1212830479078,13,5,16,0.4181818181818182,0.3304761904761905,0.12727272727272726,0.4,5.0
Flavonoid,RandomForest,4,3,160.1212830479078,13,5,16,0.4,0.3425,0.0,0.4,5.0
Flavonoid,MLP,4,3,160.1212830479078,13,5,16,0.6000000000000001,0.4435897435897436,0.23354968324845687,0.4,5.0
Flavonoid,XGBoost,4,3,160.1212830479078,13,5,16,0.3454545454545455,0.3286538461538462,-0.17407765595569785,0.4,5.0
Flavonoid,LightGBM,4,3,160.1212830479078,13,5,16,0.23636363636363636,0.24964285714285714,-0.32387513781564786,0.2,5.0
Flavonoid,LogReg,4,4,162.16005341927917,13,3,15,0.4444444444444444,0.2566137566137566,-0.19611613513818402,0.2,3.0
Flavonoid,RandomForest,4,4,162.16005341927917,13,3,15,0.4444444444444444,0.3074074074074074,0.0,0.2,3.0
Flavonoid,MLP,4,4,162.16005341927917,13,3,15,0.3333333333333333,0.19120879120879122,-0.19611613513818402,0.0,3.0
Flavonoid,XGBoost,4,4,162.16005341927917,13,3,15,0.5277777777777777,0.33333333333333337,-0.1336306209562122,0.2,3.0
Flavonoid,LightGBM,4,4,162.16005341927917,13,3,15,0.5,0.2417027417027417,-0.30151134457776363,0.0,3.0
Antioxidant,LogReg,0,0,337.8414341045991,13,3,16,0.7435897435897436,0.3888888888888889,0.4236592728681617,0.4,3.0
Antioxidant,RandomForest,0,0,337.8414341045991,13,3,16,0.6153846153846154,0.2777777777777778,0.0,0.2,3.0
Antioxidant,MLP,0,0,337.8414341045991,13,3,16,0.7179487179487178,0.5396825396825397,0.021591675854376522,0.2,3.0
Antioxidant,XGBoost,0,0,337.8414341045991,13,3,16,0.717948717948718,0.3555555555555555,-0.18156825980064073,0.4,3.0
Antioxidant,LightGBM,0,0,337.8414341045991,13,3,16,0.7692307692307693,0.4027777777777778,-0.18156825980064073,0.4,3.0
Antioxidant,LogReg,0,1,343.20708281458474,13,2,16,0.5,0.18333333333333335,-0.18156825980064073,0.2,2.0
Antioxidant,RandomForest,0,1,343.20708281458474,13,2,16,0.5,0.18333333333333335,0.0,0.2,2.0
Antioxidant,MLP,0,1,343.20708281458474,13,2,16,0.5714285714285714,0.19642857142857142,-0.18156825980064073,0.0,2.0
Antioxidant,XGBoost,0,1,343.20708281458474,13,2,16,0.2857142857142857,0.12692307692307692,-0.09759000729485333,0.0,2.0
Antioxidant,LightGBM,0,1,343.20708281458474,13,2,16,0.0357142857142857,0.09821428571428571,-0.14285714285714285,0.0,2.0
Antioxidant,LogReg,0,2,337.8414341045991,13,3,16,0.7435897435897436,0.36507936507936506,-0.12403473458920847,0.2,3.0
Antioxidant,RandomForest,0,2,337.8414341045991,13,3,16,0.6153846153846154,0.45138888888888884,0.0,0.4,3.0
Antioxidant,MLP,0,2,337.8414341045991,13,3,16,0.6153846153846154,0.45138888888888884,0.0,0.4,3.0
Antioxidant,XGBoost,0,2,337.8414341045991,13,3,16,0.6153846153846154,0.45138888888888884,0.0,0.4,3.0
Antioxidant,LightGBM,0,2,337.8414341045991,13,3,16,0.46153846153846156,0.3032407407407407,-0.12403473458920847,0.2,3.0
Antioxidant,LogReg,0,3,333.7388808039932,13,4,16,0.3958333333333333,0.24497863247863247,-0.2182178902359924,0.2,4.0
Antioxidant,RandomForest,0,3,333.7388808039932,13,4,16,0.41666666666666663,0.2589285714285714,0.0,0.2,4.0
Antioxidant,MLP,0,3,333.7388808039932,13,4,16,0.6249999999999999,0.33878968253968256,-0.14907119849998599,0.2,4.0
Antioxidant,XGBoost,0,3,333.7388808039932,13,4,16,0.5833333333333333,0.34851190476190474,0.0,0.4,4.0
Antioxidant,LightGBM,0,3,333.7388808039932,13,4,16,0.3541666666666667,0.24523809523809523,0.0,0.2,4.0
Antioxidant,LogReg,0,4,336.55687453692025,13,3,15,0.5833333333333333,0.5,0.0,0.2,3.0
Antioxidant,RandomForest,0,4,336.55687453692025,13,3,15,0.5555555555555556,0.4935897435897436,0.0,0.2,3.0
Antioxidant,MLP,0,4,336.55687453692025,13,3,15,0.5555555555555556,0.4909090909090909,0.07537783614444091,0.2,3.0
Antioxidant,XGBoost,0,4,336.55687453692025,13,3,15,0.5277777777777777,0.33333333333333337,-0.1336306209562122,0.2,3.0
Antioxidant,LightGBM,0,4,336.55687453692025,13,3,15,0.2777777777777778,0.18937728937728937,-0.19611613513818402,0.2,3.0
Antioxidant,LogReg,1,0,344.5965320390314,13,2,16,0.6428571428571428,0.34090909090909094,0.30261376633440124,0.2,2.0
Antioxidant,RandomForest,1,0,344.5965320390314,13,2,16,0.5714285714285714,0.3269230769230769,0.0,0.2,2.0
Antioxidant,MLP,1,0,344.5965320390314,13,2,16,0.5714285714285714,0.2,-0.09759000729485333,0.2,2.0
Antioxidant,XGBoost,1,0,344.5965320390314,13,2,16,0.5357142857142858,0.3214285714285714,0.42857142857142855,0.2,2.0
Antioxidant,LightGBM,1,0,344.5965320390314,13,2,16,0.42857142857142855,0.19166666666666665,-0.14285714285714285,0.2,2.0
Antioxidant,LogReg,1,1,337.5925595070299,13,3,16,0.7692307692307692,0.4444444444444444,-0.12403473458920847,0.4,3.0
Antioxidant,RandomForest,1,1,337.5925595070299,13,3,16,0.7948717948717948,0.4206349206349207,0.0,0.4,3.0
Antioxidant,MLP,1,1,337.5925595070299,13,3,16,0.641025641025641,0.3075757575757576,-0.12403473458920847,0.4,3.0
Antioxidant,XGBoost,1,1,337.5925595070299,13,3,16,0.7692307692307693,0.3873015873015873,-0.12403473458920847,0.4,3.0
Antioxidant,LightGBM,1,1,337.5925595070299,13,3,16,0.3846153846153846,0.19461279461279463,-0.12403473458920847,0.0,3.0
Antioxidant,LogReg,1,2,337.8414341045991,13,3,16,0.6153846153846154,0.2757936507936508,-0.18156825980064073,0.0,3.0
Antioxidant,RandomForest,1,2,337.8414341045991,13,3,16,0.5384615384615384,0.2777777777777778,0.0,0.2,3.0
Antioxidant,MLP,1,2,337.8414341045991,13,3,16,0.3333333333333333,0.1824074074074074,-0.12403473458920847,0.0,3.0
Antioxidant,XGBoost,1,2,337.8414341045991,13,3,16,0.4871794871794871,0.2343304843304843,0.0,0.2,3.0
Antioxidant,LightGBM,1,2,337.8414341045991,13,3,16,0.3333333333333333,0.22489316239316237,-0.12403473458920847,0.2,3.0
Antioxidant,LogReg,1,3,333.7388808039932,13,4,16,0.6041666666666666,0.4367715617715618,0.0,0.4,4.0
Antioxidant,RandomForest,1,3,333.7388808039932,13,4,16,0.5208333333333333,0.3229437229437229,0.0,0.4,4.0
Antioxidant,MLP,1,3,333.7388808039932,13,4,16,0.5833333333333334,0.37651515151515147,0.07273929674533079,0.4,4.0
Antioxidant,XGBoost,1,3,333.7388808039932,13,4,16,0.25,0.20694444444444443,-0.2773500981126145,0.0,4.0
Antioxidant,LightGBM,1,3,333.7388808039932,13,4,16,0.0,0.16744505494505496,-0.2182178902359924,0.0,4.0
Antioxidant,LogReg,1,4,336.55687453692025,13,3,15,0.5555555555555556,0.2694805194805195,0.0,0.2,3.0
Antioxidant,RandomForest,1,4,336.55687453692025,13,3,15,0.6666666666666666,0.34444444444444444,0.0,0.4,3.0
Antioxidant,MLP,1,4,336.55687453692025,13,3,15,0.4444444444444445,0.22053872053872053,-0.25,0.0,3.0
Antioxidant,XGBoost,1,4,336.55687453692025,13,3,15,0.5277777777777778,0.28327228327228327,-0.19611613513818402,0.2,3.0
Antioxidant,LightGBM,1,4,336.55687453692025,13,3,15,0.2777777777777778,0.2253968253968254,-0.19611613513818402,0.2,3.0
Antioxidant,LogReg,2,0,341.58183680991453,13,2,16,0.6071428571428571,0.25757575757575757,0.30261376633440124,0.2,2.0
Antioxidant,RandomForest,2,0,341.58183680991453,13,2,16,0.4285714285714286,0.22916666666666666,0.0,0.2,2.0
Antioxidant,MLP,2,0,341.58183680991453,13,2,16,0.3214285714285714,0.1380952380952381,-0.14285714285714285,0.0,2.0
Antioxidant,XGBoost,2,0,341.58183680991453,13,2,16,0.42857142857142855,0.19166666666666665,-0.09759000729485333,0.2,2.0
Antioxidant,LightGBM,2,0,341.58183680991453,13,2,16,0.2857142857142857,0.12916666666666665,-0.18156825980064073,0.0,2.0
Antioxidant,LogReg,2,1,337.8414341045991,13,3,16,0.7692307692307693,0.42499999999999993,0.09245003270420485,0.4,3.0
Antioxidant,RandomForest,2,1,337.8414341045991,13,3,16,0.7435897435897436,0.5555555555555556,0.0,0.2,3.0
Antioxidant,MLP,2,1,337.8414341045991,13,3,16,0.6923076923076923,0.373015873015873,0.2219167619785609,0.2,3.0
Antioxidant,XGBoost,2,1,337.8414341045991,13,3,16,0.7948717948717948,0.611111111111111,0.30261376633440124,0.4,3.0
Antioxidant,LightGBM,2,1,337.8414341045991,13,3,16,0.5641025641025641,0.26111111111111107,-0.23076923076923078,0.2,3.0
Antioxidant,LogReg,2,2,337.8414341045991,13,3,16,0.5384615384615384,0.48333333333333334,0.09245003270420485,0.2,3.0
Antioxidant,RandomForest,2,2,337.8414341045991,13,3,16,0.5641025641025641,0.49523809523809526,0.0,0.2,3.0
Antioxidant,MLP,2,2,337.8414341045991,13,3,16,0.5641025641025641,0.3242424242424242,0.1794871794871795,0.2,3.0
Antioxidant,XGBoost,2,2,337.8414341045991,13,3,16,0.4358974358974358,0.4555555555555555,0.53748384988657,0.2,3.0
Antioxidant,LightGBM,2,2,337.8414341045991,13,3,16,0.41025641025641024,0.20476190476190476,-0.23076923076923078,0.2,3.0
Antioxidant,LogReg,2,3,333.7388808039932,13,4,16,0.75,0.6846590909090909,0.4622501635210242,0.4,4.0
Antioxidant,RandomForest,2,3,333.7388808039932,13,4,16,0.6875,0.551923076923077,0.0,0.4,4.0
Antioxidant,MLP,2,3,333.7388808039932,13,4,16,0.6875,0.6583333333333333,0.4622501635210242,0.4,4.0
Antioxidant,XGBoost,2,3,333.7388808039932,13,4,16,0.75,0.6846590909090909,0.4472135954999579,0.4,4.0
Antioxidant,LightGBM,2,3,333.7388808039932,13,4,16,0.5416666666666667,0.3479437229437229,0.0,0.4,4.0
Antioxidant,LogReg,2,4,336.55687453692025,13,3,15,0.7777777777777779,0.42063492063492064,0.16666666666666666,0.4,3.0
Antioxidant,RandomForest,2,4,336.55687453692025,13,3,15,0.6666666666666667,0.3333333333333333,0.0,0.2,3.0
Antioxidant,MLP,2,4,336.55687453692025,13,3,15,0.6944444444444444,0.3472222222222222,0.07537783614444091,0.2,3.0
Antioxidant,XGBoost,2,4,336.55687453692025,13,3,15,0.5277777777777778,0.2574074074074074,-0.19611613513818402,0.2,3.0
Antioxidant,LightGBM,2,4,336.55687453692025,13,3,15,0.38888888888888884,0.2078754578754579,-0.25,0.0,3.0
Antioxidant,LogReg,3,0,337.8414341045991,13,3,16,0.7179487179487178,0.5396825396825397,0.09245003270420485,0.2,3.0
Antioxidant,RandomForest,3,0,337.8414341045991,13,3,16,0.7435897435897436,0.4027777777777778,0.0,0.2,3.0
Antioxidant,MLP,3,0,337.8414341045991,13,3,16,0.641025641025641,0.5075757575757576,0.1794871794871795,0.2,3.0
Antioxidant,XGBoost,3,0,337.8414341045991,13,3,16,0.7692307692307692,0.4206349206349206,0.30261376633440124,0.2,3.0
Antioxidant,LightGBM,3,0,337.8414341045991,13,3,16,0.2564102564102564,0.164021164021164,0.0,0.0,3.0
Antioxidant,LogReg,3,1,337.8414341045991,13,3,16,0.7692307692307692,0.4444444444444444,0.1794871794871795,0.4,3.0
Antioxidant,RandomForest,3,1,337.8414341045991,13,3,16,0.7179487179487178,0.5575757575757575,0.0,0.4,3.0
Antioxidant,MLP,3,1,337.8414341045991,13,3,16,0.717948717948718,0.3416666666666666,0.3670584895244009,0.4,3.0
Antioxidant,XGBoost,3,1,337.8414341045991,13,3,16,0.641025641025641,0.5380952380952381,0.1794871794871795,0.4,3.0
Antioxidant,LightGBM,3,1,337.8414341045991,13,3,16,0.5641025641025641,0.2574074074074074,-0.18156825980064073,0.2,3.0
Antioxidant,LogReg,3,2,343.4559574121539,13,2,16,0.5357142857142858,0.3214285714285714,0.15289415743128767,0.2,2.0
Antioxidant,RandomForest,3,2,343.4559574121539,13,2,16,0.3214285714285714,0.14583333333333331,0.0,0.0,2.0
Antioxidant,MLP,3,2,343.4559574121539,13,2,16,0.5,0.31666666666666665,0.42857142857142855,0.2,2.0
Antioxidant,XGBoost,3,2,343.4559574121539,13,2,16,0.2857142857142857,0.13392857142857142,-0.09759000729485333,0.0,2.0
Antioxidant,LightGBM,3,2,343.4559574121539,13,2,16,0.0357142857142857,0.09821428571428571,-0.2182178902359924,0.0,2.0
Antioxidant,LogReg,3,3,331.74032290296924,13,5,16,0.5272727272727273,0.525974025974026,0.15289415743128767,0.4,5.0
Antioxidant,RandomForest,3,3,331.74032290296924,13,5,16,0.5454545454545454,0.5035897435897436,0.38297084310253526,0.4,5.0
Antioxidant,MLP,3,3,331.74032290296924,13,5,16,0.36363636363636365,0.42275058275058275,-0.0778498944161523,0.2,5.0
Antioxidant,XGBoost,3,3,331.74032290296924,13,5,16,0.6909090909090909,0.5166666666666667,0.15289415743128767,0.6,5.0
Antioxidant,LightGBM,3,3,331.74032290296924,13,5,16,0.6545454545454545,0.6441558441558441,0.3670584895244009,0.4,5.0
Antioxidant,LogReg,3,4,336.55687453692025,13,3,15,0.75,0.75,0.45226701686664544,0.4,3.0
Antioxidant,RandomForest,3,4,336.55687453692025,13,3,15,0.7222222222222222,0.5555555555555556,0.0,0.2,3.0
Antioxidant,MLP,3,4,336.55687453692025,13,3,15,0.7777777777777778,0.7575757575757576,0.35355339059327373,0.4,3.0
Antioxidant,XGBoost,3,4,336.55687453692025,13,3,15,0.7777777777777777,0.6555555555555554,0.294174202707276,0.4,3.0
Antioxidant,LightGBM,3,4,336.55687453692025,13,3,15,0.4166666666666667,0.4603174603174603,0.0,0.2,3.0
Antioxidant,LogReg,4,0,337.8414341045991,13,3,16,0.6153846153846154,0.2777777777777778,0.021591675854376522,0.2,3.0
Antioxidant,RandomForest,4,0,337.8414341045991,13,3,16,0.43589743589743585,0.20787545787545786,0.0,0.0,3.0
Antioxidant,MLP,4,0,337.8414341045991,13,3,16,0.48717948717948717,0.2216931216931217,-0.23076923076923078,0.0,3.0
Antioxidant,XGBoost,4,0,337.8414341045991,13,3,16,0.3846153846153846,0.19461279461279463,-0.12403473458920847,0.0,3.0
Antioxidant,LightGBM,4,0,337.8414341045991,13,3,16,0.41025641025641024,0.19761904761904764,-0.23076923076923078,0.0,3.0
Antioxidant,LogReg,4,1,337.5925595070299,13,3,16,0.5897435897435898,0.31587301587301586,0.09245003270420485,0.4,3.0
Antioxidant,RandomForest,4,1,337.5925595070299,13,3,16,0.4358974358974359,0.22086247086247085,-0.18156825980064073,0.2,3.0
Antioxidant,MLP,4,1,337.5925595070299,13,3,16,0.41025641025641024,0.23809523809523808,0.09245003270420485,0.2,3.0
Antioxidant,XGBoost,4,1,337.5925595070299,13,3,16,0.5384615384615384,0.2409090909090909,0.021591675854376522,0.2,3.0
Antioxidant,LightGBM,4,1,337.5925595070299,13,3,16,0.4102564102564102,0.21249999999999997,-0.23076923076923078,0.2,3.0
Antioxidant,LogReg,4,2,337.8414341045991,13,3,16,0.6923076923076923,0.5499999999999999,0.1794871794871795,0.4,3.0
Antioxidant,RandomForest,4,2,337.8414341045991,13,3,16,1.0,1.0,0.0,0.6,3.0
Antioxidant,MLP,4,2,337.8414341045991,13,3,16,0.5641025641025641,0.5069444444444444,0.021591675854376522,0.2,3.0
Antioxidant,XGBoost,4,2,337.8414341045991,13,3,16,1.0,1.0,0.0,0.6,3.0
Antioxidant,LightGBM,4,2,337.8414341045991,13,3,16,0.641025641025641,0.5213675213675213,0.53748384988657,0.2,3.0
Antioxidant,LogReg,4,3,332.11363479932305,13,5,16,0.7454545454545454,0.7560606060606061,0.41818181818181815,0.6,5.0
Antioxidant,RandomForest,4,3,332.11363479932305,13,5,16,0.7272727272727273,0.5331313131313131,0.0,0.6,5.0
Antioxidant,MLP,4,3,332.11363479932305,13,5,16,0.7090909090909091,0.7466666666666666,0.7125253031944253,0.6,5.0
Antioxidant,XGBoost,4,3,332.11363479932305,13,5,16,0.6545454545454545,0.5269230769230768,0.15289415743128767,0.6,5.0
Antioxidant,LightGBM,4,3,332.11363479932305,13,5,16,0.5818181818181818,0.552014652014652,0.23354968324845687,0.4,5.0
Antioxidant,LogReg,4,4,336.55687453692025,13,3,15,0.3611111111111111,0.19761904761904764,-0.25,0.0,3.0
Antioxidant,RandomForest,4,4,336.55687453692025,13,3,15,0.16666666666666666,0.15925925925925927,0.0,0.0,3.0
Antioxidant,MLP,4,4,336.55687453692025,13,3,15,0.3611111111111111,0.20476190476190476,-0.19611613513818402,0.2,3.0
Antioxidant,XGBoost,4,4,336.55687453692025,13,3,15,0.19444444444444442,0.1638888888888889,-0.19611613513818402,0.0,3.0
Antioxidant,LightGBM,4,4,336.55687453692025,13,3,15,0.3055555555555555,0.28095238095238095,0.294174202707276,0.2,3.0
Seed_Length,LogReg,0,0,8.870526689015415,13,5,17,0.8166666666666668,0.6587301587301588,0.3337119062359573,0.4,5.0
Seed_Length,RandomForest,0,0,8.870526689015415,13,5,17,0.7166666666666667,0.49120879120879124,0.0,0.4,5.0
Seed_Length,MLP,0,0,8.870526689015415,13,5,17,0.65,0.5657142857142857,0.1649915822768611,0.4,5.0
Seed_Length,XGBoost,0,0,8.870526689015415,13,5,17,0.7833333333333332,0.5342857142857143,0.0,0.6,5.0
Seed_Length,LightGBM,0,0,8.870526689015415,13,5,17,0.5833333333333333,0.4291666666666667,0.03984095364447979,0.4,5.0
Seed_Length,LogReg,0,1,8.90384522515764,13,3,16,0.5641025641025641,0.28327228327228327,0.021591675854376522,0.2,3.0
Seed_Length,RandomForest,0,1,8.90384522515764,13,3,16,0.5641025641025641,0.27136752136752135,0.0,0.2,3.0
Seed_Length,MLP,0,1,8.90384522515764,13,3,16,0.6666666666666667,0.31746031746031744,-0.18156825980064073,0.2,3.0
Seed_Length,XGBoost,0,1,8.90384522515764,13,3,16,0.5128205128205128,0.2611111111111111,-0.12403473458920847,0.2,3.0
Seed_Length,LightGBM,0,1,8.90384522515764,13,3,16,0.3846153846153846,0.2,-0.2773500981126145,0.2,3.0
Seed_Length,LogReg,0,2,8.90384522515764,13,3,16,0.641025641025641,0.30634920634920637,0.1794871794871795,0.2,3.0
Seed_Length,RandomForest,0,2,8.90384522515764,13,3,16,0.8461538461538461,0.6805555555555556,0.0,0.4,3.0
Seed_Length,MLP,0,2,8.90384522515764,13,3,16,0.5897435897435898,0.2777777777777778,-0.18156825980064073,0.2,3.0
Seed_Length,XGBoost,0,2,8.90384522515764,13,3,16,0.6666666666666667,0.5435897435897437,0.0,0.4,3.0
Seed_Length,LightGBM,0,2,8.90384522515764,13,3,16,0.717948717948718,0.3416666666666666,-0.18156825980064073,0.4,3.0
Seed_Length,LogReg,0,3,8.915456230176902,13,3,16,0.7948717948717948,0.44285714285714284,0.30261376633440124,0.4,3.0
Seed_Length,RandomForest,0,3,8.915456230176902,13,3,16,0.8717948717948717,0.6666666666666667,0.0,0.4,3.0
Seed_Length,MLP,0,3,8.915456230176902,13,3,16,0.5128205128205128,0.2611111111111111,-0.12403473458920847,0.2,3.0
Seed_Length,XGBoost,0,3,8.915456230176902,13,3,16,0.7435897435897436,0.4797979797979798,0.0,0.4,3.0
Seed_Length,LightGBM,0,3,8.915456230176902,13,3,16,0.6923076923076923,0.41666666666666663,0.1794871794871795,0.4,3.0
Seed_Length,LogReg,0,4,8.90384522515764,13,3,16,0.5897435897435898,0.4907407407407407,0.09245003270420485,0.2,3.0
Seed_Length,RandomForest,0,4,8.90384522515764,13,3,16,0.5128205128205128,0.31666666666666665,0.0,0.2,3.0
Seed_Length,MLP,0,4,8.90384522515764,13,3,16,0.5384615384615384,0.48333333333333334,0.09245003270420485,0.2,3.0
Seed_Length,XGBoost,0,4,8.90384522515764,13,3,16,0.5384615384615384,0.28888888888888886,0.1794871794871795,0.2,3.0
Seed_Length,LightGBM,0,4,8.90384522515764,13,3,16,0.641025641025641,0.40476190476190477,0.4622501635210242,0.4,3.0
Seed_Length,LogReg,1,0,8.82054888480208,13,7,17,0.8285714285714286,0.7952380952380953,0.408491223118783,0.8,7.0
Seed_Length,RandomForest,1,0,8.82054888480208,13,7,17,0.9142857142857141,0.8843537414965985,0.0,0.8,7.0
Seed_Length,MLP,1,0,8.82054888480208,13,7,17,0.8428571428571427,0.7596165739022882,0.2397561119080782,0.8,7.0
Seed_Length,XGBoost,1,0,8.82054888480208,13,7,17,0.8428571428571429,0.7129251700680272,0.5092010548749033,0.8,7.0
Seed_Length,LightGBM,1,0,8.82054888480208,13,7,17,0.8714285714285714,0.8690476190476191,0.5092010548749033,0.8,7.0
Seed_Length,LogReg,1,1,8.90384522515764,13,3,16,0.6666666666666666,0.3611111111111111,-0.18156825980064073,0.4,3.0
Seed_Length,RandomForest,1,1,8.90384522515764,13,3,16,0.5641025641025641,0.2574074074074074,0.0,0.2,3.0
Seed_Length,MLP,1,1,8.90384522515764,13,3,16,0.6923076923076924,0.3194444444444444,0.0,0.2,3.0
Seed_Length,XGBoost,1,1,8.90384522515764,13,3,16,0.3076923076923076,0.19761904761904764,-0.12403473458920847,0.2,3.0
Seed_Length,LightGBM,1,1,8.90384522515764,13,3,16,0.3589743589743589,0.20555555555555557,-0.18156825980064073,0.2,3.0
Seed_Length,LogReg,1,2,8.915456230176902,13,3,16,0.7435897435897436,0.5535714285714286,0.021591675854376522,0.2,3.0
Seed_Length,RandomForest,1,2,8.915456230176902,13,3,16,0.7948717948717948,0.611111111111111,0.0,0.4,3.0
Seed_Length,MLP,1,2,8.915456230176902,13,3,16,0.6923076923076923,0.5499999999999999,0.09245003270420485,0.4,3.0
Seed_Length,XGBoost,1,2,8.915456230176902,13,3,16,0.6153846153846154,0.49999999999999994,0.0,0.2,3.0
Seed_Length,LightGBM,1,2,8.915456230176902,13,3,16,0.6923076923076923,0.5285714285714286,0.53748384988657,0.2,3.0
Seed_Length,LogReg,1,3,8.90384522515764,13,3,16,0.5897435897435896,0.26868686868686864,0.021591675854376522,0.2,3.0
Seed_Length,RandomForest,1,3,8.90384522515764,13,3,16,0.4102564102564102,0.21249999999999997,0.0,0.2,3.0
Seed_Length,MLP,1,3,8.90384522515764,13,3,16,0.358974358974359,0.20604395604395603,-0.12403473458920847,0.2,3.0
Seed_Length,XGBoost,1,3,8.90384522515764,13,3,16,0.2564102564102564,0.1662037037037037,-0.2773500981126145,0.0,3.0
Seed_Length,LightGBM,1,3,8.90384522515764,13,3,16,0.2564102564102564,0.1662037037037037,-0.32387513781564786,0.0,3.0
Seed_Length,LogReg,1,4,8.90384522515764,13,3,16,0.9230769230769231,0.7555555555555555,0.4622501635210242,0.6,3.0
Seed_Length,RandomForest,1,4,8.90384522515764,13,3,16,0.8717948717948717,0.6666666666666667,0.0,0.4,3.0
Seed_Length,MLP,1,4,8.90384522515764,13,3,16,0.9230769230769231,0.7555555555555555,0.30261376633440124,0.6,3.0
Seed_Length,XGBoost,1,4,8.90384522515764,13,3,16,0.5128205128205128,0.3106060606060606,0.0,0.2,3.0
Seed_Length,LightGBM,1,4,8.90384522515764,13,3,16,0.3589743589743589,0.18571428571428572,0.0,0.0,3.0
Seed_Length,LogReg,2,0,8.870526689015415,13,5,17,0.75,0.5331313131313131,0.3337119062359573,0.6,5.0
Seed_Length,RandomForest,2,0,8.870526689015415,13,5,17,0.7833333333333332,0.5533333333333332,0.0,0.6,5.0
Seed_Length,MLP,2,0,8.870526689015415,13,5,17,0.7333333333333334,0.5242424242424243,0.43333333333333335,0.6,5.0
Seed_Length,XGBoost,2,0,8.870526689015415,13,5,17,0.7833333333333332,0.5342857142857143,0.25064020591380154,0.6,5.0
Seed_Length,LightGBM,2,0,8.870526689015415,13,5,17,0.8333333333333334,0.5783333333333333,0.43333333333333335,0.6,5.0
Seed_Length,LogReg,2,1,8.90384522515764,13,3,16,0.5384615384615384,0.2409090909090909,-0.2773500981126145,0.2,3.0
Seed_Length,RandomForest,2,1,8.90384522515764,13,3,16,0.2564102564102564,0.16536796536796539,0.0,0.0,3.0
Seed_Length,MLP,2,1,8.90384522515764,13,3,16,0.5384615384615384,0.24831649831649832,-0.23076923076923078,0.2,3.0
Seed_Length,XGBoost,2,1,8.90384522515764,13,3,16,0.2564102564102564,0.16437728937728938,-0.12403473458920847,0.0,3.0
Seed_Length,LightGBM,2,1,8.90384522515764,13,3,16,0.5897435897435896,0.26868686868686864,-0.18156825980064073,0.2,3.0
Seed_Length,LogReg,2,2,8.90384522515764,13,3,16,0.7692307692307692,0.5777777777777777,0.16012815380508713,0.4,3.0
Seed_Length,RandomForest,2,2,8.90384522515764,13,3,16,0.8717948717948717,0.6666666666666667,0.0,0.4,3.0
Seed_Length,MLP,2,2,8.90384522515764,13,3,16,0.8205128205128205,0.4666666666666667,0.09245003270420485,0.4,3.0
Seed_Length,XGBoost,2,2,8.90384522515764,13,3,16,0.8205128205128205,0.625,0.53748384988657,0.4,3.0
Seed_Length,LightGBM,2,2,8.90384522515764,13,3,16,0.7179487179487178,0.5575757575757575,0.30261376633440124,0.4,3.0
Seed_Length,LogReg,2,3,8.90384522515764,13,3,16,0.717948717948718,0.5444444444444445,0.30261376633440124,0.2,3.0
Seed_Length,RandomForest,2,3,8.90384522515764,13,3,16,0.7948717948717948,0.5,0.0,0.4,3.0
Seed_Length,MLP,2,3,8.90384522515764,13,3,16,0.6666666666666666,0.5194805194805194,0.1794871794871795,0.2,3.0
Seed_Length,XGBoost,2,3,8.90384522515764,13,3,16,0.8205128205128205,0.6666666666666666,0.0,0.4,3.0
Seed_Length,LightGBM,2,3,8.90384522515764,13,3,16,0.8205128205128205,0.625,0.0,0.4,3.0
Seed_Length,LogReg,2,4,8.915456230176902,13,3,16,0.7692307692307692,0.4206349206349206,0.28941438070815306,0.2,3.0
Seed_Length,RandomForest,2,4,8.915456230176902,13,3,16,0.7948717948717949,0.5916666666666666,0.0,0.4,3.0
Seed_Length,MLP,2,4,8.915456230176902,13,3,16,0.6153846153846154,0.30000000000000004,-0.23076923076923078,0.4,3.0
Seed_Length,XGBoost,2,4,8.915456230176902,13,3,16,0.6923076923076923,0.5499999999999999,0.30261376633440124,0.4,3.0
Seed_Length,LightGBM,2,4,8.915456230176902,13,3,16,0.7948717948717948,0.5873015873015872,0.53748384988657,0.2,3.0
Seed_Length,LogReg,3,0,8.880118388813935,13,4,17,0.8846153846153846,0.7291666666666666,0.5549890273805606,0.6,4.0
Seed_Length,RandomForest,3,0,8.880118388813935,13,4,17,0.7884615384615384,0.48214285714285715,0.0,0.4,4.0
Seed_Length,MLP,3,0,8.880118388813935,13,4,17,0.8653846153846154,0.7875,0.6730769230769231,0.6,4.0
Seed_Length,XGBoost,3,0,8.880118388813935,13,4,17,0.7115384615384616,0.5520833333333333,0.227866357593825,0.4,4.0
Seed_Length,LightGBM,3,0,8.880118388813935,13,4,17,0.8846153846153846,0.6083333333333333,-0.1386750490563073,0.6,4.0
Seed_Length,LogReg,3,1,8.90384522515764,13,3,16,0.5897435897435898,0.2619047619047619,-0.041344911529736156,0.0,3.0
Seed_Length,RandomForest,3,1,8.90384522515764,13,3,16,0.641025641025641,0.3611111111111111,0.0,0.2,3.0
Seed_Length,MLP,3,1,8.90384522515764,13,3,16,0.717948717948718,0.3888888888888889,0.0,0.2,3.0
Seed_Length,XGBoost,3,1,8.90384522515764,13,3,16,0.641025641025641,0.5380952380952381,0.53748384988657,0.4,3.0
Seed_Length,LightGBM,3,1,8.90384522515764,13,3,16,0.7948717948717949,0.5916666666666666,0.53748384988657,0.4,3.0
Seed_Length,LogReg,3,2,8.90384522515764,13,3,16,0.6153846153846153,0.29444444444444445,0.16012815380508713,0.2,3.0
Seed_Length,RandomForest,3,2,8.90384522515764,13,3,16,0.5384615384615384,0.2417027417027417,0.0,0.0,3.0
Seed_Length,MLP,3,2,8.90384522515764,13,3,16,0.5384615384615384,0.2685185185185185,-0.10087125544480041,0.2,3.0
Seed_Length,XGBoost,3,2,8.90384522515764,13,3,16,0.5384615384615384,0.3214285714285714,0.021591675854376522,0.2,3.0
Seed_Length,LightGBM,3,2,8.90384522515764,13,3,16,0.5384615384615384,0.31666666666666665,-0.10087125544480041,0.2,3.0
Seed_Length,LogReg,3,3,8.90384522515764,13,3,16,0.5384615384615384,0.24074074074074076,-0.2773500981126145,0.2,3.0
Seed_Length,RandomForest,3,3,8.90384522515764,13,3,16,0.4358974358974359,0.20555555555555557,0.0,0.0,3.0
Seed_Length,MLP,3,3,8.90384522515764,13,3,16,0.6923076923076923,0.373015873015873,0.021591675854376522,0.2,3.0
Seed_Length,XGBoost,3,3,8.90384522515764,13,3,16,0.4102564102564102,0.21666666666666667,-0.18156825980064073,0.2,3.0
Seed_Length,LightGBM,3,3,8.90384522515764,13,3,16,0.4615384615384615,0.22222222222222224,-0.12403473458920847,0.0,3.0
Seed_Length,LogReg,3,4,8.885671478170973,13,4,16,0.7083333333333333,0.5596590909090909,0.09245003270420485,0.4,4.0
Seed_Length,RandomForest,3,4,8.885671478170973,13,4,16,0.75,0.7541666666666667,0.0,0.6,4.0
Seed_Length,MLP,3,4,8.885671478170973,13,4,16,0.5416666666666666,0.29924242424242425,0.0,0.2,4.0
Seed_Length,XGBoost,3,4,8.885671478170973,13,4,16,0.5208333333333333,0.5368589743589743,0.0,0.4,4.0
Seed_Length,LightGBM,3,4,8.885671478170973,13,4,16,0.6875,0.5346590909090909,0.4472135954999579,0.4,4.0
Seed_Length,LogReg,4,0,8.820212333931956,13,7,17,0.7857142857142857,0.8064935064935064,0.38122128787578263,0.8,7.0
Seed_Length,RandomForest,4,0,8.820212333931956,13,7,17,0.7714285714285714,0.6495421245421246,0.0,0.8,7.0
Seed_Length,MLP,4,0,8.820212333931956,13,7,17,0.7857142857142858,0.7755411255411255,0.2397561119080782,0.8,7.0
Seed_Length,XGBoost,4,0,8.820212333931956,13,7,17,0.7428571428571429,0.7410173160173159,0.2397561119080782,0.8,7.0
Seed_Length,LightGBM,4,0,8.820212333931956,13,7,17,0.6285714285714286,0.5756545042259328,0.09944903161976938,0.4,7.0
Seed_Length,LogReg,4,1,8.90384522515764,13,3,16,0.8717948717948717,0.6666666666666667,0.4622501635210242,0.4,3.0
Seed_Length,RandomForest,4,1,8.90384522515764,13,3,16,0.8205128205128205,0.47619047619047616,0.0,0.4,3.0
Seed_Length,MLP,4,1,8.90384522515764,13,3,16,0.8717948717948718,0.6984126984126985,0.4622501635210242,0.4,3.0
Seed_Length,XGBoost,4,1,8.90384522515764,13,3,16,0.7948717948717949,0.4583333333333333,-0.12403473458920847,0.4,3.0
Seed_Length,LightGBM,4,1,8.90384522515764,13,3,16,0.717948717948718,0.37777777777777777,-0.18156825980064073,0.4,3.0
Seed_Length,LogReg,4,2,8.90384522515764,13,3,16,0.9230769230769231,0.6388888888888888,0.5447047794019222,0.6,3.0
Seed_Length,RandomForest,4,2,8.90384522515764,13,3,16,0.7435897435897436,0.43333333333333335,0.0,0.4,3.0
Seed_Length,MLP,4,2,8.90384522515764,13,3,16,0.8974358974358975,0.5888888888888888,0.7125253031944253,0.6,3.0
Seed_Length,XGBoost,4,2,8.90384522515764,13,3,16,0.7692307692307693,0.75,0.53748384988657,0.4,3.0
Seed_Length,LightGBM,4,2,8.90384522515764,13,3,16,0.7692307692307693,0.4888888888888888,0.5897435897435898,0.4,3.0
Seed_Length,LogReg,4,3,8.90384522515764,13,3,16,0.5384615384615384,0.31666666666666665,0.09245003270420485,0.2,3.0
Seed_Length,RandomForest,4,3,8.90384522515764,13,3,16,0.5384615384615384,0.2777777777777778,0.0,0.2,3.0
Seed_Length,MLP,4,3,8.90384522515764,13,3,16,0.3846153846153846,0.19155844155844157,-0.2773500981126145,0.0,3.0
Seed_Length,XGBoost,4,3,8.90384522515764,13,3,16,0.6153846153846153,0.5158730158730158,0.30261376633440124,0.2,3.0
Seed_Length,LightGBM,4,3,8.90384522515764,13,3,16,0.6153846153846154,0.34074074074074073,0.09245003270420485,0.2,3.0
Seed_Length,LogReg,4,4,8.915456230176902,13,3,16,0.641025641025641,0.28888888888888886,-0.23076923076923078,0.2,3.0
Seed_Length,RandomForest,4,4,8.915456230176902,13,3,16,0.5128205128205128,0.2435897435897436,0.0,0.2,3.0
Seed_Length,MLP,4,4,8.915456230176902,13,3,16,0.641025641025641,0.28888888888888886,-0.2773500981126145,0.2,3.0
Seed_Length,XGBoost,4,4,8.915456230176902,13,3,16,0.30769230769230765,0.17456617456617457,0.0,0.0,3.0
Seed_Length,LightGBM,4,4,8.915456230176902,13,3,16,0.33333333333333326,0.2253968253968254,-0.12403473458920847,0.2,3.0
Seed_Width,LogReg,0,0,6.938556296173639,13,4,17,0.6153846153846154,0.3284090909090909,0.25064020591380154,0.4,4.0
Seed_Width,RandomForest,0,0,6.938556296173639,13,4,17,0.7115384615384615,0.3875,0.0,0.4,4.0
Seed_Width,MLP,0,0,6.938556296173639,13,4,17,0.6346153846153846,0.34656593406593406,-0.25677629550654774,0.4,4.0
Seed_Width,XGBoost,0,0,6.938556296173639,13,4,17,0.6538461538461539,0.36442307692307696,-0.25677629550654774,0.4,4.0
Seed_Width,LightGBM,0,0,6.938556296173639,13,4,17,0.6346153846153846,0.4873376623376623,-0.053708615552957466,0.2,4.0
Seed_Width,LogReg,0,1,6.950277089834277,13,3,16,0.7435897435897436,0.5535714285714286,0.021591675854376522,0.2,3.0
Seed_Width,RandomForest,0,1,6.950277089834277,13,3,16,0.8717948717948717,0.6666666666666667,0.0,0.4,3.0
Seed_Width,MLP,0,1,6.950277089834277,13,3,16,0.6923076923076923,0.576923076923077,0.4622501635210242,0.4,3.0
Seed_Width,XGBoost,0,1,6.950277089834277,13,3,16,0.8717948717948718,0.5333333333333333,0.0,0.6,3.0
Seed_Width,LightGBM,0,1,6.950277089834277,13,3,16,0.9230769230769231,0.7555555555555555,0.53748384988657,0.6,3.0
Seed_Width,LogReg,0,2,6.950277089834277,13,3,16,0.9743589743589745,0.9166666666666666,0.5897435897435898,0.6,3.0
Seed_Width,RandomForest,0,2,6.950277089834277,13,3,16,0.9743589743589745,0.9166666666666666,0.0,0.6,3.0
Seed_Width,MLP,0,2,6.950277089834277,13,3,16,0.8974358974358974,0.8095238095238095,0.53748384988657,0.4,3.0
Seed_Width,XGBoost,0,2,6.950277089834277,13,3,16,0.8461538461538461,0.6805555555555556,0.0,0.4,3.0
Seed_Width,LightGBM,0,2,6.950277089834277,13,3,16,0.8205128205128205,0.625,0.53748384988657,0.4,3.0
Seed_Width,LogReg,0,3,6.950277089834277,13,3,16,0.7435897435897436,0.5555555555555556,0.30261376633440124,0.2,3.0
Seed_Width,RandomForest,0,3,6.950277089834277,13,3,16,0.7435897435897436,0.5535714285714286,0.0,0.2,3.0
Seed_Width,MLP,0,3,6.950277089834277,13,3,16,0.923076923076923,0.8333333333333333,0.53748384988657,0.4,3.0
Seed_Width,XGBoost,0,3,6.950277089834277,13,3,16,0.6153846153846153,0.5054945054945055,0.53748384988657,0.2,3.0
Seed_Width,LightGBM,0,3,6.950277089834277,13,3,16,0.641025641025641,0.5074074074074074,0.1794871794871795,0.2,3.0
Seed_Width,LogReg,0,4,6.930972253216756,13,4,16,0.5208333333333334,0.3464285714285714,-0.0778498944161523,0.2,4.0
Seed_Width,RandomForest,0,4,6.930972253216756,13,4,16,0.47916666666666663,0.2895833333333333,0.0,0.2,4.0
Seed_Width,MLP,0,4,6.930972253216756,13,4,16,0.5416666666666667,0.3270833333333333,0.09245003270420485,0.2,4.0
Seed_Width,XGBoost,0,4,6.930972253216756,13,4,16,0.7291666666666666,0.550595238095238,-0.14907119849998599,0.6,4.0
Seed_Width,LightGBM,0,4,6.930972253216756,13,4,16,0.625,0.38108766233766234,-0.14907119849998599,0.2,4.0
Seed_Width,LogReg,1,0,6.935453733145823,13,4,17,0.75,0.4833333333333333,0.46088240084927024,0.6,4.0
Seed_Width,RandomForest,1,0,6.935453733145823,13,4,17,0.5769230769230769,0.31174242424242427,0.0,0.2,4.0
Seed_Width,MLP,1,0,6.935453733145823,13,4,17,0.8269230769230769,0.740909090909091,0.6582805886043833,0.6,4.0
Seed_Width,XGBoost,1,0,6.935453733145823,13,4,17,0.6153846153846154,0.4816849816849817,0.4506939094329987,0.2,4.0
Seed_Width,LightGBM,1,0,6.935453733145823,13,4,17,0.3846153846153846,0.41239495798319326,0.4506939094329987,0.2,4.0
Seed_Width,LogReg,1,1,6.950277089834277,13,3,16,0.7692307692307692,0.38333333333333336,0.09245003270420485,0.4,3.0
Seed_Width,RandomForest,1,1,6.950277089834277,13,3,16,0.7692307692307693,0.3873015873015873,0.0,0.4,3.0
Seed_Width,MLP,1,1,6.950277089834277,13,3,16,0.7435897435897436,0.36507936507936506,0.1794871794871795,0.2,3.0
Seed_Width,XGBoost,1,1,6.950277089834277,13,3,16,0.717948717948718,0.33730158730158727,0.0,0.2,3.0
Seed_Width,LightGBM,1,1,6.950277089834277,13,3,16,0.6666666666666666,0.3055555555555556,0.021591675854376522,0.2,3.0
Seed_Width,LogReg,1,2,6.950277089834277,13,3,16,0.5897435897435898,0.4907407407407407,0.09245003270420485,0.2,3.0
Seed_Width,RandomForest,1,2,6.950277089834277,13,3,16,0.641025641025641,0.5213675213675213,0.0,0.2,3.0
Seed_Width,MLP,1,2,6.950277089834277,13,3,16,0.6923076923076923,0.5499999999999999,0.1794871794871795,0.4,3.0
Seed_Width,XGBoost,1,2,6.950277089834277,13,3,16,0.5384615384615384,0.32857142857142857,0.1794871794871795,0.2,3.0
Seed_Width,LightGBM,1,2,6.950277089834277,13,3,16,0.5897435897435898,0.2851851851851852,-0.18156825980064073,0.2,3.0
Seed_Width,LogReg,1,3,6.950277089834277,13,3,16,0.717948717948718,0.4722222222222222,0.3670584895244009,0.4,3.0
Seed_Width,RandomForest,1,3,6.950277089834277,13,3,16,0.717948717948718,0.4242424242424242,0.0,0.4,3.0
Seed_Width,MLP,1,3,6.950277089834277,13,3,16,0.7692307692307693,0.6464646464646464,0.53748384988657,0.4,3.0
Seed_Width,XGBoost,1,3,6.950277089834277,13,3,16,0.7435897435897436,0.4797979797979798,0.4622501635210242,0.4,3.0
Seed_Width,LightGBM,1,3,6.950277089834277,13,3,16,0.7435897435897436,0.5909090909090908,0.1794871794871795,0.4,3.0
Seed_Width,LogReg,1,4,6.93510900392051,13,4,16,0.7291666666666667,0.4833333333333333,0.3333333333333333,0.6,4.0
Seed_Width,RandomForest,1,4,6.93510900392051,13,4,16,0.6041666666666667,0.44166666666666665,0.0,0.4,4.0
Seed_Width,MLP,1,4,6.93510900392051,13,4,16,0.625,0.39999999999999997,-0.2182178902359924,0.4,4.0
Seed_Width,XGBoost,1,4,6.93510900392051,13,4,16,0.6666666666666666,0.5179924242424243,0.4472135954999579,0.2,4.0
Seed_Width,LightGBM,1,4,6.93510900392051,13,4,16,0.7291666666666666,0.44325396825396823,0.09245003270420485,0.4,4.0
Seed_Width,LogReg,2,0,6.92786969018894,13,5,17,0.7666666666666667,0.6176190476190476,0.3337119062359573,0.6,5.0
Seed_Width,RandomForest,2,0,6.92786969018894,13,5,17,0.6833333333333333,0.5767857142857142,0.0,0.4,5.0
Seed_Width,MLP,2,0,6.92786969018894,13,5,17,0.75,0.5976190476190477,0.1649915822768611,0.4,5.0
Seed_Width,XGBoost,2,0,6.92786969018894,13,5,17,0.7833333333333334,0.5442424242424242,-0.1613743060919757,0.6,5.0
Seed_Width,LightGBM,2,0,6.92786969018894,13,5,17,0.7333333333333334,0.4909090909090909,-0.1613743060919757,0.4,5.0
Seed_Width,LogReg,2,1,6.950277089834277,13,3,16,0.5641025641025641,0.4880952380952381,0.53748384988657,0.2,3.0
Seed_Width,RandomForest,2,1,6.950277089834277,13,3,16,0.46153846153846156,0.2272727272727273,0.0,0.2,3.0
Seed_Width,MLP,2,1,6.950277089834277,13,3,16,0.5384615384615384,0.47883597883597884,0.30261376633440124,0.2,3.0
Seed_Width,XGBoost,2,1,6.950277089834277,13,3,16,0.6666666666666666,0.3619047619047619,0.0,0.2,3.0
Seed_Width,LightGBM,2,1,6.950277089834277,13,3,16,0.5641025641025641,0.4843304843304843,0.0,0.2,3.0
Seed_Width,LogReg,2,2,6.950277089834277,13,3,16,0.7948717948717948,0.41111111111111115,-0.12403473458920847,0.4,3.0
Seed_Width,RandomForest,2,2,6.950277089834277,13,3,16,0.717948717948718,0.4242424242424242,0.0,0.4,3.0
Seed_Width,MLP,2,2,6.950277089834277,13,3,16,0.9230769230769231,0.7555555555555555,0.0,0.6,3.0
Seed_Width,XGBoost,2,2,6.950277089834277,13,3,16,0.6153846153846154,0.3055555555555556,-0.12403473458920847,0.2,3.0
Seed_Width,LightGBM,2,2,6.950277089834277,13,3,16,0.5641025641025641,0.29365079365079366,-0.18156825980064073,0.2,3.0
Seed_Width,LogReg,2,3,6.950277089834277,13,3,16,0.8205128205128205,0.4666666666666667,0.3670584895244009,0.4,3.0
Seed_Width,RandomForest,2,3,6.950277089834277,13,3,16,0.8205128205128205,0.4666666666666667,0.0,0.4,3.0
Seed_Width,MLP,2,3,6.950277089834277,13,3,16,0.717948717948718,0.3555555555555555,0.09245003270420485,0.4,3.0
Seed_Width,XGBoost,2,3,6.950277089834277,13,3,16,0.7692307692307693,0.42499999999999993,0.1794871794871795,0.4,3.0
Seed_Width,LightGBM,2,3,6.950277089834277,13,3,16,0.7692307692307692,0.4444444444444444,0.1794871794871795,0.4,3.0
Seed_Width,LogReg,2,4,6.950277089834277,13,3,16,0.641025641025641,0.31313131313131315,-0.18156825980064073,0.2,3.0
Seed_Width,RandomForest,2,4,6.950277089834277,13,3,16,0.6923076923076923,0.3333333333333333,0.0,0.2,3.0
Seed_Width,MLP,2,4,6.950277089834277,13,3,16,0.6153846153846154,0.273015873015873,-0.18156825980064073,0.2,3.0
Seed_Width,XGBoost,2,4,6.950277089834277,13,3,16,0.5641025641025641,0.2777777777777778,-0.12403473458920847,0.2,3.0
Seed_Width,LightGBM,2,4,6.950277089834277,13,3,16,0.5128205128205128,0.24074074074074076,-0.12403473458920847,0.2,3.0
Seed_Width,LogReg,3,0,6.938556296173639,13,4,17,0.7692307692307692,0.5075757575757576,0.0,0.4,4.0
Seed_Width,RandomForest,3,0,6.938556296173639,13,4,17,0.6923076923076923,0.5166666666666666,0.0,0.2,4.0
Seed_Width,MLP,3,0,6.938556296173639,13,4,17,0.8269230769230769,0.625,0.4506939094329987,0.4,4.0
Seed_Width,XGBoost,3,0,6.938556296173639,13,4,17,0.8461538461538463,0.5902777777777777,-0.1386750490563073,0.6,4.0
Seed_Width,LightGBM,3,0,6.938556296173639,13,4,17,0.6538461538461537,0.4083333333333333,-0.1386750490563073,0.4,4.0
Seed_Width,LogReg,3,1,6.950277089834277,13,3,16,0.8717948717948717,0.5555555555555556,0.6201736729460423,0.4,3.0
Seed_Width,RandomForest,3,1,6.950277089834277,13,3,16,0.9487179487179487,0.8666666666666667,0.0,0.6,3.0
Seed_Width,MLP,3,1,6.950277089834277,13,3,16,0.6666666666666666,0.3055555555555556,0.09245003270420485,0.2,3.0
Seed_Width,XGBoost,3,1,6.950277089834277,13,3,16,1.0,1.0,0.7867957924694432,0.6,3.0
Seed_Width,LightGBM,3,1,6.950277089834277,13,3,16,0.8205128205128205,0.6095238095238096,0.53748384988657,0.4,3.0
Seed_Width,LogReg,3,2,6.950277089834277,13,3,16,0.641025641025641,0.40476190476190477,0.3670584895244009,0.4,3.0
Seed_Width,RandomForest,3,2,6.950277089834277,13,3,16,0.48717948717948717,0.2216931216931217,0.0,0.0,3.0
Seed_Width,MLP,3,2,6.950277089834277,13,3,16,0.4615384615384615,0.22142857142857142,-0.18156825980064073,0.2,3.0
Seed_Width,XGBoost,3,2,6.950277089834277,13,3,16,0.48717948717948717,0.2216931216931217,0.0,0.0,3.0
Seed_Width,LightGBM,3,2,6.950277089834277,13,3,16,0.4871794871794871,0.2240740740740741,-0.18156825980064073,0.2,3.0
Seed_Width,LogReg,3,3,6.950277089834277,13,3,16,0.6923076923076923,0.33134920634920634,-0.041344911529736156,0.2,3.0
Seed_Width,RandomForest,3,3,6.950277089834277,13,3,16,0.6923076923076924,0.3194444444444444,0.0,0.2,3.0
Seed_Width,MLP,3,3,6.950277089834277,13,3,16,0.7692307692307693,0.4027777777777778,0.3670584895244009,0.4,3.0
Seed_Width,XGBoost,3,3,6.950277089834277,13,3,16,0.6923076923076924,0.3194444444444444,-0.18156825980064073,0.2,3.0
Seed_Width,LightGBM,3,3,6.950277089834277,13,3,16,0.7692307692307693,0.42499999999999993,0.30261376633440124,0.4,3.0
Seed_Width,LogReg,3,4,6.93510900392051,13,4,16,0.5625,0.49583333333333335,0.2182178902359924,0.4,4.0
Seed_Width,RandomForest,3,4,6.93510900392051,13,4,16,0.5,0.3029761904761905,0.0,0.2,4.0
Seed_Width,MLP,3,4,6.93510900392051,13,4,16,0.6875,0.5492424242424242,0.23354968324845687,0.4,4.0
Seed_Width,XGBoost,3,4,6.93510900392051,13,4,16,0.625,0.37499999999999994,-0.2182178902359924,0.4,4.0
Seed_Width,LightGBM,3,4,6.93510900392051,13,4,16,0.625,0.3825757575757575,0.2182178902359924,0.2,4.0
Seed_Width,LogReg,4,0,6.938556296173639,13,4,17,0.8461538461538461,0.525,0.34615384615384615,0.6,4.0
Seed_Width,RandomForest,4,0,6.938556296173639,13,4,17,0.7692307692307692,0.4571428571428572,0.0,0.4,4.0
Seed_Width,MLP,4,0,6.938556296173639,13,4,17,0.75,0.46590909090909094,-0.1386750490563073,0.4,4.0
Seed_Width,XGBoost,4,0,6.938556296173639,13,4,17,0.7692307692307693,0.5560897435897436,0.0,0.6,4.0
Seed_Width,LightGBM,4,0,6.938556296173639,13,4,17,0.6346153846153846,0.375,0.227866357593825,0.2,4.0
Seed_Width,LogReg,4,1,6.950277089834277,13,3,16,0.9230769230769231,0.6388888888888888,0.8320502943378436,0.6,3.0
Seed_Width,RandomForest,4,1,6.950277089834277,13,3,16,0.8717948717948717,0.5555555555555556,0.0,0.4,3.0
Seed_Width,MLP,4,1,6.950277089834277,13,3,16,0.8717948717948718,0.5333333333333333,0.1794871794871795,0.6,3.0
Seed_Width,XGBoost,4,1,6.950277089834277,13,3,16,0.9487179487179488,0.8055555555555556,0.53748384988657,0.6,3.0
Seed_Width,LightGBM,4,1,6.950277089834277,13,3,16,0.9487179487179488,0.8055555555555556,0.53748384988657,0.6,3.0
Seed_Width,LogReg,4,2,6.950277089834277,13,3,16,0.8205128205128205,0.5138888888888888,0.4622501635210242,0.4,3.0
Seed_Width,RandomForest,4,2,6.950277089834277,13,3,16,0.6923076923076923,0.3909090909090909,0.0,0.4,3.0
Seed_Width,MLP,4,2,6.950277089834277,13,3,16,0.846153846153846,0.6333333333333333,0.1794871794871795,0.4,3.0
Seed_Width,XGBoost,4,2,6.950277089834277,13,3,16,0.717948717948718,0.4242424242424242,0.0,0.4,3.0
Seed_Width,LightGBM,4,2,6.950277089834277,13,3,16,0.5128205128205128,0.2611111111111111,-0.12403473458920847,0.2,3.0
Seed_Width,LogReg,4,3,6.930972253216756,13,4,16,0.47916666666666663,0.3390151515151515,-0.14907119849998599,0.2,4.0
Seed_Width,RandomForest,4,3,6.930972253216756,13,4,16,0.375,0.24318181818181817,0.0,0.2,4.0
Seed_Width,MLP,4,3,6.930972253216756,13,4,16,0.3958333333333333,0.25769230769230766,-0.2182178902359924,0.2,4.0
Seed_Width,XGBoost,4,3,6.930972253216756,13,4,16,0.4166666666666667,0.3125,-0.14907119849998599,0.2,4.0
Seed_Width,LightGBM,4,3,6.930972253216756,13,4,16,0.4791666666666667,0.2839285714285714,-0.14907119849998599,0.2,4.0
Seed_Width,LogReg,4,4,6.950277089834277,13,3,16,0.41025641025641024,0.1994949494949495,-0.32387513781564786,0.0,3.0
Seed_Width,RandomForest,4,4,6.950277089834277,13,3,16,0.4615384615384615,0.21428571428571427,0.0,0.0,3.0
Seed_Width,MLP,4,4,6.950277089834277,13,3,16,0.641025641025641,0.3055555555555555,-0.10087125544480041,0.2,3.0
Seed_Width,XGBoost,4,4,6.950277089834277,13,3,16,0.641025641025641,0.3075757575757576,-0.18156825980064073,0.4,3.0
Seed_Width,LightGBM,4,4,6.950277089834277,13,3,16,0.48717948717948717,0.22222222222222224,-0.2773500981126145,0.0,3.0
Seed_Thickness,LogReg,0,0,6.643787976141605,13,6,17,0.3787878787878788,0.3338235294117647,-0.030303030303030304,0.4,6.0
Seed_Thickness,RandomForest,0,0,6.643787976141605,13,6,17,0.30303030303030304,0.3082537288419641,0.0,0.2,6.0
Seed_Thickness,MLP,0,0,6.643787976141605,13,6,17,0.33333333333333337,0.31477591036414565,-0.030303030303030304,0.2,6.0
Seed_Thickness,XGBoost,0,0,6.643787976141605,13,6,17,0.26515151515151514,0.2804759510641864,-0.1846372364689991,0.0,6.0
Seed_Thickness,LightGBM,0,0,6.643787976141605,13,6,17,0.3484848484848485,0.3099057804940158,-0.1846372364689991,0.0,6.0
Seed_Thickness,LogReg,0,1,6.713719515213436,13,3,16,0.5128205128205128,0.23412698412698413,0.16012815380508713,0.0,3.0
Seed_Thickness,RandomForest,0,1,6.713719515213436,13,3,16,0.7435897435897436,0.6388888888888888,0.0,0.4,3.0
Seed_Thickness,MLP,0,1,6.713719515213436,13,3,16,0.6153846153846154,0.2785714285714286,0.021591675854376522,0.2,3.0
Seed_Thickness,XGBoost,0,1,6.713719515213436,13,3,16,0.7948717948717949,0.6555555555555556,0.5897435897435898,0.4,3.0
Seed_Thickness,LightGBM,0,1,6.713719515213436,13,3,16,0.7692307692307692,0.4444444444444444,0.28941438070815306,0.4,3.0
Seed_Thickness,LogReg,0,2,6.713719515213436,13,3,16,0.6153846153846154,0.3213675213675214,0.3670584895244009,0.4,3.0
Seed_Thickness,RandomForest,0,2,6.713719515213436,13,3,16,0.641025641025641,0.3611111111111111,-0.12403473458920847,0.2,3.0
Seed_Thickness,MLP,0,2,6.713719515213436,13,3,16,0.4871794871794871,0.3074074074074074,0.30261376633440124,0.2,3.0
Seed_Thickness,XGBoost,0,2,6.713719515213436,13,3,16,0.8205128205128205,0.625,0.30261376633440124,0.4,3.0
Seed_Thickness,LightGBM,0,2,6.713719515213436,13,3,16,0.8717948717948718,0.5333333333333333,0.30261376633440124,0.6,3.0
Seed_Thickness,LogReg,0,3,6.713719515213436,13,3,16,0.8461538461538461,0.4777777777777778,-0.12403473458920847,0.6,3.0
Seed_Thickness,RandomForest,0,3,6.713719515213436,13,3,16,0.4871794871794871,0.46581196581196577,0.0,0.2,3.0
Seed_Thickness,MLP,0,3,6.713719515213436,13,3,16,0.8205128205128205,0.5138888888888888,0.0,0.4,3.0
Seed_Thickness,XGBoost,0,3,6.713719515213436,13,3,16,0.9487179487179487,0.8666666666666667,0.0,0.6,3.0
Seed_Thickness,LightGBM,0,3,6.713719515213436,13,3,16,0.8717948717948718,0.5333333333333333,-0.12403473458920847,0.6,3.0
Seed_Thickness,LogReg,0,4,6.7143968182552936,13,3,16,0.6153846153846154,0.34920634920634924,0.1794871794871795,0.4,3.0
Seed_Thickness,RandomForest,0,4,6.7143968182552936,13,3,16,0.6153846153846154,0.30000000000000004,0.0,0.4,3.0
Seed_Thickness,MLP,0,4,6.7143968182552936,13,3,16,0.5641025641025641,0.49523809523809526,0.0,0.2,3.0
Seed_Thickness,XGBoost,0,4,6.7143968182552936,13,3,16,0.7692307692307692,0.38333333333333336,-0.12403473458920847,0.4,3.0
Seed_Thickness,LightGBM,0,4,6.7143968182552936,13,3,16,0.7948717948717948,0.4206349206349207,-0.12403473458920847,0.4,3.0
Seed_Thickness,LogReg,1,0,6.7010200831786,13,4,17,0.4423076923076923,0.24734848484848482,-0.1194880298498108,0.2,4.0
Seed_Thickness,RandomForest,1,0,6.7010200831786,13,4,17,0.4807692307692307,0.2556818181818181,0.0,0.0,4.0
Seed_Thickness,MLP,1,0,6.7010200831786,13,4,17,0.4807692307692307,0.25847069597069594,-0.25677629550654774,0.0,4.0
Seed_Thickness,XGBoost,1,0,6.7010200831786,13,4,17,0.46153846153846145,0.2583333333333333,-0.20254787341673333,0.2,4.0
Seed_Thickness,LightGBM,1,0,6.7010200831786,13,4,17,0.7115384615384616,0.43333333333333335,0.227866357593825,0.4,4.0
Seed_Thickness,LogReg,1,1,6.701528060459994,13,4,16,0.625,0.4375,0.4472135954999579,0.4,4.0
Seed_Thickness,RandomForest,1,1,6.701528060459994,13,4,16,0.6041666666666667,0.41964285714285715,0.0,0.4,4.0
Seed_Thickness,MLP,1,1,6.701528060459994,13,4,16,0.6041666666666666,0.4125,0.09245003270420485,0.4,4.0
Seed_Thickness,XGBoost,1,1,6.701528060459994,13,4,16,0.6458333333333333,0.3679924242424243,0.09245003270420485,0.4,4.0
Seed_Thickness,LightGBM,1,1,6.701528060459994,13,4,16,0.6875,0.40208333333333335,-0.2182178902359924,0.4,4.0
Seed_Thickness,LogReg,1,2,6.713719515213436,13,3,16,0.5897435897435898,0.26190476190476186,0.021591675854376522,0.2,3.0
Seed_Thickness,RandomForest,1,2,6.713719515213436,13,3,16,0.7692307692307692,0.4206349206349206,-0.12403473458920847,0.2,3.0
Seed_Thickness,MLP,1,2,6.713719515213436,13,3,16,0.6153846153846154,0.2785714285714286,-0.23076923076923078,0.2,3.0
Seed_Thickness,XGBoost,1,2,6.713719515213436,13,3,16,0.8717948717948718,0.5333333333333333,-0.12403473458920847,0.6,3.0
Seed_Thickness,LightGBM,1,2,6.713719515213436,13,3,16,0.8461538461538461,0.4777777777777778,0.4622501635210242,0.6,3.0
Seed_Thickness,LogReg,1,3,6.7143968182552936,13,3,16,0.5128205128205128,0.4714285714285714,0.1794871794871795,0.2,3.0
Seed_Thickness,RandomForest,1,3,6.7143968182552936,13,3,16,0.5128205128205128,0.3106060606060606,-0.12403473458920847,0.2,3.0
Seed_Thickness,MLP,1,3,6.7143968182552936,13,3,16,0.4102564102564102,0.45138888888888884,0.53748384988657,0.2,3.0
Seed_Thickness,XGBoost,1,3,6.7143968182552936,13,3,16,0.641025641025641,0.35,0.30261376633440124,0.2,3.0
Seed_Thickness,LightGBM,1,3,6.7143968182552936,13,3,16,0.5897435897435896,0.3333333333333333,0.09245003270420485,0.2,3.0
Seed_Thickness,LogReg,1,4,6.713719515213436,13,3,16,0.6153846153846154,0.37142857142857144,0.30261376633440124,0.4,3.0
Seed_Thickness,RandomForest,1,4,6.713719515213436,13,3,16,0.7692307692307693,0.6464646464646464,0.0,0.4,3.0
Seed_Thickness,MLP,1,4,6.713719515213436,13,3,16,0.5128205128205128,0.2611111111111111,-0.12403473458920847,0.2,3.0
Seed_Thickness,XGBoost,1,4,6.713719515213436,13,3,16,0.6666666666666666,0.3686868686868687,-0.12403473458920847,0.2,3.0
Seed_Thickness,LightGBM,1,4,6.713719515213436,13,3,16,0.6410256410256411,0.28968253968253965,-0.18156825980064073,0.2,3.0
Seed_Thickness,LogReg,2,0,6.7010200831786,13,4,17,0.596153846153846,0.35,0.25064020591380154,0.4,4.0
Seed_Thickness,RandomForest,2,0,6.7010200831786,13,4,17,0.576923076923077,0.3645833333333333,0.0,0.2,4.0
Seed_Thickness,MLP,2,0,6.7010200831786,13,4,17,0.576923076923077,0.33958333333333335,0.019230769230769232,0.4,4.0
Seed_Thickness,XGBoost,2,0,6.7010200831786,13,4,17,0.46153846153846156,0.27499999999999997,-0.20254787341673333,0.2,4.0
Seed_Thickness,LightGBM,2,0,6.7010200831786,13,4,17,0.3653846153846154,0.22043650793650793,-0.20254787341673333,0.0,4.0
Seed_Thickness,LogReg,2,1,6.702205363501852,13,4,16,0.7708333333333334,0.6810897435897436,0.6666666666666666,0.6,4.0
Seed_Thickness,RandomForest,2,1,6.702205363501852,13,4,16,0.6875,0.46875,-0.14907119849998599,0.4,4.0
Seed_Thickness,MLP,2,1,6.702205363501852,13,4,16,0.7083333333333333,0.6785714285714286,0.4622501635210242,0.4,4.0
Seed_Thickness,XGBoost,2,1,6.702205363501852,13,4,16,0.625,0.3825757575757575,0.2182178902359924,0.2,4.0
Seed_Thickness,LightGBM,2,1,6.702205363501852,13,4,16,0.6875,0.4131944444444444,-0.0778498944161523,0.2,4.0
Seed_Thickness,LogReg,2,2,6.713719515213436,13,3,16,0.4871794871794871,0.2343304843304843,0.09245003270420485,0.2,3.0
Seed_Thickness,RandomForest,2,2,6.713719515213436,13,3,16,0.717948717948718,0.4,0.0,0.4,3.0
Seed_Thickness,MLP,2,2,6.713719515213436,13,3,16,0.5641025641025641,0.2528138528138528,-0.12403473458920847,0.2,3.0
Seed_Thickness,XGBoost,2,2,6.713719515213436,13,3,16,0.6410256410256411,0.29444444444444445,-0.18156825980064073,0.2,3.0
Seed_Thickness,LightGBM,2,2,6.713719515213436,13,3,16,0.5641025641025641,0.27609427609427606,-0.18156825980064073,0.2,3.0
Seed_Thickness,LogReg,2,3,6.713719515213436,13,3,16,0.6666666666666666,0.41025641025641024,0.4622501635210242,0.4,3.0
Seed_Thickness,RandomForest,2,3,6.713719515213436,13,3,16,0.9743589743589745,0.9166666666666666,0.0,0.6,3.0
Seed_Thickness,MLP,2,3,6.713719515213436,13,3,16,0.641025641025641,0.5074074074074074,0.53748384988657,0.2,3.0
Seed_Thickness,XGBoost,2,3,6.713719515213436,13,3,16,0.6153846153846154,0.273015873015873,0.0,0.2,3.0
Seed_Thickness,LightGBM,2,3,6.713719515213436,13,3,16,0.5641025641025641,0.25,-0.12403473458920847,0.2,3.0
Seed_Thickness,LogReg,2,4,6.713719515213436,13,3,16,0.6410256410256411,0.28968253968253965,0.021591675854376522,0.2,3.0
Seed_Thickness,RandomForest,2,4,6.713719515213436,13,3,16,0.717948717948718,0.3555555555555555,-0.12403473458920847,0.4,3.0
Seed_Thickness,MLP,2,4,6.713719515213436,13,3,16,0.5897435897435896,0.28968253968253965,0.1794871794871795,0.2,3.0
Seed_Thickness,XGBoost,2,4,6.713719515213436,13,3,16,0.7692307692307692,0.38333333333333336,-0.12403473458920847,0.4,3.0
Seed_Thickness,LightGBM,2,4,6.713719515213436,13,3,16,0.8974358974358975,0.7,0.1794871794871795,0.6,3.0
Seed_Thickness,LogReg,3,0,6.7010200831786,13,4,17,0.6730769230769231,0.42142857142857143,0.10699012312772822,0.4,4.0
Seed_Thickness,RandomForest,3,0,6.7010200831786,13,4,17,0.673076923076923,0.5838235294117647,0.0,0.6,4.0
Seed_Thickness,MLP,3,0,6.7010200831786,13,4,17,0.6538461538461539,0.42083333333333334,-0.20254787341673333,0.6,4.0
Seed_Thickness,XGBoost,3,0,6.7010200831786,13,4,17,0.826923076923077,0.6527777777777778,0.0,0.4,4.0
Seed_Thickness,LightGBM,3,0,6.7010200831786,13,4,17,0.8461538461538461,0.65,0.10699012312772822,0.6,4.0
Seed_Thickness,LogReg,3,1,6.713719515213436,13,3,16,0.4358974358974359,0.2103174603174603,-0.32387513781564786,0.0,3.0
Seed_Thickness,RandomForest,3,1,6.713719515213436,13,3,16,0.6153846153846154,0.2972582972582972,0.0,0.2,3.0
Seed_Thickness,MLP,3,1,6.713719515213436,13,3,16,0.28205128205128205,0.16865079365079366,-0.23076923076923078,0.0,3.0
Seed_Thickness,XGBoost,3,1,6.713719515213436,13,3,16,0.5641025641025641,0.25,-0.23076923076923078,0.2,3.0
Seed_Thickness,LightGBM,3,1,6.713719515213436,13,3,16,0.846153846153846,0.5,-0.12403473458920847,0.4,3.0
Seed_Thickness,LogReg,3,2,6.713719515213436,13,3,16,0.6153846153846154,0.2785714285714286,0.021591675854376522,0.2,3.0
Seed_Thickness,RandomForest,3,2,6.713719515213436,13,3,16,0.6923076923076923,0.3206349206349206,-0.12403473458920847,0.2,3.0
Seed_Thickness,MLP,3,2,6.713719515213436,13,3,16,0.41025641025641024,0.20419580419580421,-0.18156825980064073,0.2,3.0
Seed_Thickness,XGBoost,3,2,6.713719515213436,13,3,16,0.8717948717948717,0.5555555555555556,-0.12403473458920847,0.4,3.0
Seed_Thickness,LightGBM,3,2,6.713719515213436,13,3,16,0.6666666666666666,0.5166666666666667,0.09245003270420485,0.2,3.0
Seed_Thickness,LogReg,3,3,6.713719515213436,13,3,16,0.5128205128205128,0.23333333333333334,0.16012815380508713,0.2,3.0
Seed_Thickness,RandomForest,3,3,6.713719515213436,13,3,16,0.6666666666666667,0.3222222222222222,-0.18156825980064073,0.2,3.0
Seed_Thickness,MLP,3,3,6.713719515213436,13,3,16,0.48717948717948717,0.2216931216931217,-0.3721042037676254,0.0,3.0
Seed_Thickness,XGBoost,3,3,6.713719515213436,13,3,16,0.6923076923076923,0.3333333333333333,0.021591675854376522,0.2,3.0
Seed_Thickness,LightGBM,3,3,6.713719515213436,13,3,16,0.717948717948718,0.3555555555555555,0.3670584895244009,0.4,3.0
Seed_Thickness,LogReg,3,4,6.648021120153218,13,6,16,0.5166666666666666,0.5498015873015873,0.3333333333333333,0.4,6.0
Seed_Thickness,RandomForest,3,4,6.648021120153218,13,6,16,0.6166666666666667,0.5162037037037037,0.0,0.4,6.0
Seed_Thickness,MLP,3,4,6.648021120153218,13,6,16,0.6833333333333333,0.6137917637917638,-0.041344911529736156,0.6,6.0
Seed_Thickness,XGBoost,3,4,6.648021120153218,13,6,16,0.55,0.4930555555555555,-0.2,0.6,6.0
Seed_Thickness,LightGBM,3,4,6.648021120153218,13,6,16,0.5333333333333334,0.46338383838383834,0.09759000729485333,0.6,6.0
Seed_Thickness,LogReg,4,0,6.7010200831786,13,4,17,0.7884615384615384,0.5325757575757576,0.227866357593825,0.6,4.0
Seed_Thickness,RandomForest,4,0,6.7010200831786,13,4,17,0.8269230769230769,0.6666666666666666,0.0,0.6,4.0
Seed_Thickness,MLP,4,0,6.7010200831786,13,4,17,0.7692307692307693,0.46825396825396826,0.0,0.4,4.0
Seed_Thickness,XGBoost,4,0,6.7010200831786,13,4,17,0.8076923076923077,0.7159090909090909,0.0,0.4,4.0
Seed_Thickness,LightGBM,4,0,6.7010200831786,13,4,17,0.7307692307692307,0.5480519480519481,0.4506939094329987,0.4,4.0
Seed_Thickness,LogReg,4,1,6.713719515213436,13,3,16,0.4615384615384615,0.30000000000000004,-0.12403473458920847,0.2,3.0
Seed_Thickness,RandomForest,4,1,6.713719515213436,13,3,16,0.5897435897435896,0.5291666666666667,0.0,0.4,3.0
Seed_Thickness,MLP,4,1,6.713719515213436,13,3,16,0.17948717948717946,0.1508190883190883,0.0,0.0,3.0
Seed_Thickness,XGBoost,4,1,6.713719515213436,13,3,16,0.6666666666666666,0.3833333333333333,0.0,0.4,3.0
Seed_Thickness,LightGBM,4,1,6.713719515213436,13,3,16,0.5384615384615384,0.2686868686868687,0.0,0.2,3.0
Seed_Thickness,LogReg,4,2,6.701528060459994,13,4,16,0.6458333333333333,0.3596230158730158,0.07273929674533079,0.2,4.0
Seed_Thickness,RandomForest,4,2,6.701528060459994,13,4,16,0.6458333333333333,0.3596230158730158,0.09245003270420485,0.2,4.0
Seed_Thickness,MLP,4,2,6.701528060459994,13,4,16,0.5625,0.31249999999999994,0.07273929674533079,0.2,4.0
Seed_Thickness,XGBoost,4,2,6.701528060459994,13,4,16,0.7291666666666667,0.4125,0.0,0.4,4.0
Seed_Thickness,LightGBM,4,2,6.701528060459994,13,4,16,0.7083333333333333,0.4131944444444444,0.14907119849998599,0.4,4.0
Seed_Thickness,LogReg,4,3,6.7143968182552936,13,3,16,0.641025641025641,0.5666666666666667,0.28941438070815306,0.4,3.0
Seed_Thickness,RandomForest,4,3,6.7143968182552936,13,3,16,0.7948717948717949,0.6555555555555556,0.0,0.4,3.0
Seed_Thickness,MLP,4,3,6.7143968182552936,13,3,16,0.5641025641025641,0.26111111111111107,-0.2773500981126145,0.2,3.0
Seed_Thickness,XGBoost,4,3,6.7143968182552936,13,3,16,0.8461538461538461,0.4777777777777778,0.0,0.6,3.0
Seed_Thickness,LightGBM,4,3,6.7143968182552936,13,3,16,0.6666666666666667,0.3222222222222222,0.09245003270420485,0.2,3.0
Seed_Thickness,LogReg,4,4,6.713719515213436,13,3,16,0.4615384615384615,0.21428571428571427,0.041344911529736156,0.0,3.0
Seed_Thickness,RandomForest,4,4,6.713719515213436,13,3,16,0.6923076923076923,0.3909090909090909,-0.12403473458920847,0.4,3.0
Seed_Thickness,MLP,4,4,6.713719515213436,13,3,16,0.3846153846153845,0.19120879120879122,-0.3721042037676254,0.0,3.0
Seed_Thickness,XGBoost,4,4,6.713719515213436,13,3,16,0.7435897435897436,0.4111111111111111,0.1794871794871795,0.4,3.0
Seed_Thickness,LightGBM,4,4,6.713719515213436,13,3,16,0.7948717948717948,0.5,0.3670584895244009,0.4,3.0
Mass_of_Seeds,LogReg,0,0,0.31705995299573103,13,5,17,0.5666666666666667,0.3817932067932068,0.16735967034880075,0.2,5.0
Mass_of_Seeds,RandomForest,0,0,0.31705995299573103,13,5,17,0.55,0.49264069264069266,0.0,0.4,5.0
Mass_of_Seeds,MLP,0,0,0.31705995299573103,13,5,17,0.6,0.442983682983683,0.25064020591380154,0.4,5.0
Mass_of_Seeds,XGBoost,0,0,0.31705995299573103,13,5,17,0.4666666666666667,0.34264069264069263,0.03984095364447979,0.2,5.0
Mass_of_Seeds,LightGBM,0,0,0.31705995299573103,13,5,17,0.45,0.34929971988795516,-0.053708615552957466,0.2,5.0
Mass_of_Seeds,LogReg,0,1,0.3188897564695902,13,3,16,0.717948717948718,0.37777777777777777,0.28941438070815306,0.4,3.0
Mass_of_Seeds,RandomForest,0,1,0.3188897564695902,13,3,16,0.641025641025641,0.3547008547008547,0.0,0.4,3.0
Mass_of_Seeds,MLP,0,1,0.3188897564695902,13,3,16,0.8205128205128205,0.47619047619047616,0.1794871794871795,0.4,3.0
Mass_of_Seeds,XGBoost,0,1,0.3188897564695902,13,3,16,0.6153846153846154,0.34920634920634924,-0.18156825980064073,0.4,3.0
Mass_of_Seeds,LightGBM,0,1,0.3188897564695902,13,3,16,0.5641025641025641,0.28809523809523807,-0.23076923076923078,0.4,3.0
Mass_of_Seeds,LogReg,0,2,0.31935164860862264,13,3,16,0.5897435897435898,0.2851851851851852,-0.12403473458920847,0.2,3.0
Mass_of_Seeds,RandomForest,0,2,0.31935164860862264,13,3,16,0.8461538461538461,0.6428571428571429,0.0,0.4,3.0
Mass_of_Seeds,MLP,0,2,0.31935164860862264,13,3,16,0.8205128205128205,0.6095238095238096,0.0,0.4,3.0
Mass_of_Seeds,XGBoost,0,2,0.31935164860862264,13,3,16,0.6153846153846154,0.2972582972582972,0.0,0.2,3.0
Mass_of_Seeds,LightGBM,0,2,0.31935164860862264,13,3,16,0.3846153846153846,0.2,0.0,0.2,3.0
Mass_of_Seeds,LogReg,0,3,0.31867657548234435,13,3,16,0.9230769230769231,0.6388888888888888,0.7125253031944253,0.6,3.0
Mass_of_Seeds,RandomForest,0,3,0.31867657548234435,13,3,16,0.8717948717948717,0.6666666666666667,0.0,0.4,3.0
Mass_of_Seeds,MLP,0,3,0.31867657548234435,13,3,16,0.8717948717948718,0.7916666666666666,0.7867957924694432,0.4,3.0
Mass_of_Seeds,XGBoost,0,3,0.31867657548234435,13,3,16,0.8205128205128205,0.4666666666666667,-0.12403473458920847,0.4,3.0
Mass_of_Seeds,LightGBM,0,3,0.31867657548234435,13,3,16,0.8205128205128205,0.4666666666666667,0.1794871794871795,0.4,3.0
Mass_of_Seeds,LogReg,0,4,0.3188897564695902,13,3,16,0.7435897435897435,0.7435897435897436,0.7867957924694432,0.4,3.0
Mass_of_Seeds,RandomForest,0,4,0.3188897564695902,13,3,16,0.4871794871794871,0.2240740740740741,0.0,0.2,3.0
Mass_of_Seeds,MLP,0,4,0.3188897564695902,13,3,16,0.8974358974358974,0.7222222222222223,0.0,0.4,3.0
Mass_of_Seeds,XGBoost,0,4,0.3188897564695902,13,3,16,0.3589743589743589,0.28095238095238095,0.0,0.2,3.0
Mass_of_Seeds,LightGBM,0,4,0.3188897564695902,13,3,16,0.5384615384615384,0.47883597883597884,0.1794871794871795,0.2,3.0
Mass_of_Seeds,LogReg,1,0,0.31828574367239393,13,4,17,0.6730769230769231,0.3738095238095238,0.3105172139687914,0.4,4.0
Mass_of_Seeds,RandomForest,1,0,0.31828574367239393,13,4,17,0.6153846153846154,0.3284090909090909,0.0,0.4,4.0
Mass_of_Seeds,MLP,1,0,0.31828574367239393,13,4,17,0.6923076923076923,0.3784090909090909,0.25064020591380154,0.4,4.0
Mass_of_Seeds,XGBoost,1,0,0.31828574367239393,13,4,17,0.7115384615384616,0.38075396825396823,-0.20254787341673333,0.4,4.0
Mass_of_Seeds,LightGBM,1,0,0.31828574367239393,13,4,17,0.5,0.32016594516594515,-0.053708615552957466,0.2,4.0
Mass_of_Seeds,LogReg,1,1,0.3188897564695902,13,3,16,0.8717948717948717,0.6666666666666667,0.30261376633440124,0.4,3.0
Mass_of_Seeds,RandomForest,1,1,0.3188897564695902,13,3,16,0.6666666666666666,0.3833333333333333,0.0,0.4,3.0
Mass_of_Seeds,MLP,1,1,0.3188897564695902,13,3,16,0.846153846153846,0.6333333333333333,0.0,0.4,3.0
Mass_of_Seeds,XGBoost,1,1,0.3188897564695902,13,3,16,0.7692307692307692,0.6,0.0,0.4,3.0
Mass_of_Seeds,LightGBM,1,1,0.3188897564695902,13,3,16,0.6923076923076923,0.576923076923077,0.30261376633440124,0.4,3.0
Mass_of_Seeds,LogReg,1,2,0.31704218791346056,13,5,16,0.8909090909090909,0.8392857142857143,0.41818181818181815,0.6,5.0
Mass_of_Seeds,RandomForest,1,2,0.31704218791346056,13,5,16,0.8545454545454545,0.7644444444444444,0.0,0.6,5.0
Mass_of_Seeds,MLP,1,2,0.31704218791346056,13,5,16,0.8363636363636364,0.8051948051948052,0.38297084310253526,0.6,5.0
Mass_of_Seeds,XGBoost,1,2,0.31704218791346056,13,5,16,0.7272727272727273,0.6638888888888889,0.5606119105813882,0.4,5.0
Mass_of_Seeds,LightGBM,1,2,0.31704218791346056,13,5,16,0.9636363636363636,0.9266666666666666,0.5606119105813882,0.8,5.0
Mass_of_Seeds,LogReg,1,3,0.3188897564695902,13,3,16,0.5384615384615384,0.4772727272727273,-0.041344911529736156,0.2,3.0
Mass_of_Seeds,RandomForest,1,3,0.3188897564695902,13,3,16,0.33333333333333326,0.1888888888888889,0.0,0.2,3.0
Mass_of_Seeds,MLP,1,3,0.3188897564695902,13,3,16,0.5897435897435896,0.5291666666666667,0.30261376633440124,0.4,3.0
Mass_of_Seeds,XGBoost,1,3,0.3188897564695902,13,3,16,0.41025641025641024,0.21536796536796537,-0.23076923076923078,0.2,3.0
Mass_of_Seeds,LightGBM,1,3,0.3188897564695902,13,3,16,0.282051282051282,0.16984126984126985,-0.32387513781564786,0.0,3.0
Mass_of_Seeds,LogReg,1,4,0.3188897564695902,13,3,16,0.6666666666666667,0.31746031746031744,-0.18156825980064073,0.2,3.0
Mass_of_Seeds,RandomForest,1,4,0.3188897564695902,13,3,16,0.5641025641025641,0.2777777777777778,0.0,0.2,3.0
Mass_of_Seeds,MLP,1,4,0.3188897564695902,13,3,16,0.6153846153846154,0.273015873015873,-0.12403473458920847,0.2,3.0
Mass_of_Seeds,XGBoost,1,4,0.3188897564695902,13,3,16,0.6153846153846154,0.2777777777777778,0.0,0.2,3.0
Mass_of_Seeds,LightGBM,1,4,0.3188897564695902,13,3,16,0.5897435897435896,0.26666666666666666,0.0,0.2,3.0
Mass_of_Seeds,LogReg,2,0,0.31828574367239393,13,4,17,0.673076923076923,0.5401785714285714,0.34615384615384615,0.4,4.0
Mass_of_Seeds,RandomForest,2,0,0.31828574367239393,13,4,17,0.6923076923076923,0.39166666666666666,0.0,0.4,4.0
Mass_of_Seeds,MLP,2,0,0.31828574367239393,13,4,17,0.75,0.573051948051948,0.10699012312772822,0.4,4.0
Mass_of_Seeds,XGBoost,2,0,0.31828574367239393,13,4,17,0.5769230769230769,0.38484848484848483,-0.1386750490563073,0.4,4.0
Mass_of_Seeds,LightGBM,2,0,0.31828574367239393,13,4,17,0.5961538461538461,0.3547619047619047,-0.1386750490563073,0.4,4.0
Mass_of_Seeds,LogReg,2,1,0.3188897564695902,13,3,16,0.3589743589743589,0.20555555555555557,0.021591675854376522,0.2,3.0
Mass_of_Seeds,RandomForest,2,1,0.3188897564695902,13,3,16,0.3846153846153846,0.19155844155844157,-0.12403473458920847,0.0,3.0
Mass_of_Seeds,MLP,2,1,0.3188897564695902,13,3,16,0.41025641025641024,0.20238095238095238,-0.2773500981126145,0.0,3.0
Mass_of_Seeds,XGBoost,2,1,0.3188897564695902,13,3,16,0.3846153846153846,0.2125,-0.12403473458920847,0.2,3.0
Mass_of_Seeds,LightGBM,2,1,0.3188897564695902,13,3,16,0.48717948717948717,0.23333333333333334,-0.23076923076923078,0.2,3.0
Mass_of_Seeds,LogReg,2,2,0.3188897564695902,13,3,16,0.7435897435897436,0.3595238095238095,0.3670584895244009,0.4,3.0
Mass_of_Seeds,RandomForest,2,2,0.3188897564695902,13,3,16,0.7948717948717948,0.41111111111111115,0.0,0.4,3.0
Mass_of_Seeds,MLP,2,2,0.3188897564695902,13,3,16,0.846153846153846,0.5,0.4622501635210242,0.4,3.0
Mass_of_Seeds,XGBoost,2,2,0.3188897564695902,13,3,16,0.6410256410256411,0.3277777777777778,-0.18156825980064073,0.4,3.0
Mass_of_Seeds,LightGBM,2,2,0.3188897564695902,13,3,16,0.5897435897435898,0.2611111111111111,-0.23076923076923078,0.2,3.0
Mass_of_Seeds,LogReg,2,3,0.31867657548234435,13,3,16,0.6923076923076923,0.5499999999999999,0.1794871794871795,0.4,3.0
Mass_of_Seeds,RandomForest,2,3,0.31867657548234435,13,3,16,0.7179487179487178,0.5396825396825397,0.0,0.2,3.0
Mass_of_Seeds,MLP,2,3,0.31867657548234435,13,3,16,0.7692307692307693,0.6464646464646464,0.30261376633440124,0.4,3.0
Mass_of_Seeds,XGBoost,2,3,0.31867657548234435,13,3,16,0.6153846153846154,0.49831649831649827,0.53748384988657,0.2,3.0
Mass_of_Seeds,LightGBM,2,3,0.31867657548234435,13,3,16,0.5641025641025641,0.4833333333333333,0.1794871794871795,0.2,3.0
Mass_of_Seeds,LogReg,2,4,0.3188897564695902,13,3,16,0.8461538461538461,0.5317460317460317,0.4622501635210242,0.4,3.0
Mass_of_Seeds,RandomForest,2,4,0.3188897564695902,13,3,16,0.7435897435897436,0.6388888888888888,0.0,0.4,3.0
Mass_of_Seeds,MLP,2,4,0.3188897564695902,13,3,16,0.8974358974358974,0.8095238095238095,0.5897435897435898,0.4,3.0
Mass_of_Seeds,XGBoost,2,4,0.3188897564695902,13,3,16,0.8974358974358974,0.7222222222222223,0.30261376633440124,0.4,3.0
Mass_of_Seeds,LightGBM,2,4,0.3188897564695902,13,3,16,0.8461538461538461,0.4777777777777778,0.1794871794871795,0.6,3.0
Mass_of_Seeds,LogReg,3,0,0.31828574367239393,13,4,17,0.8076923076923077,0.5,0.227866357593825,0.4,4.0
Mass_of_Seeds,RandomForest,3,0,0.31828574367239393,13,4,17,0.7884615384615384,0.4583333333333333,0.0,0.4,4.0
Mass_of_Seeds,MLP,3,0,0.31828574367239393,13,4,17,0.6923076923076923,0.4096590909090909,0.227866357593825,0.4,4.0
Mass_of_Seeds,XGBoost,3,0,0.31828574367239393,13,4,17,0.9230769230769231,0.8166666666666667,0.0,0.6,4.0
Mass_of_Seeds,LightGBM,3,0,0.31828574367239393,13,4,17,0.923076923076923,0.8303571428571428,0.4506939094329987,0.6,4.0
Mass_of_Seeds,LogReg,3,1,0.31913846762137676,13,3,16,0.641025641025641,0.5074074074074074,0.30261376633440124,0.2,3.0
Mass_of_Seeds,RandomForest,3,1,0.31913846762137676,13,3,16,0.7692307692307693,0.4027777777777778,0.0,0.4,3.0
Mass_of_Seeds,MLP,3,1,0.31913846762137676,13,3,16,0.8205128205128205,0.4666666666666667,0.1794871794871795,0.4,3.0
Mass_of_Seeds,XGBoost,3,1,0.31913846762137676,13,3,16,0.5641025641025641,0.27136752136752135,-0.12403473458920847,0.2,3.0
Mass_of_Seeds,LightGBM,3,1,0.31913846762137676,13,3,16,0.717948717948718,0.38690476190476186,0.0,0.2,3.0
Mass_of_Seeds,LogReg,3,2,0.3188897564695902,13,3,16,0.7179487179487178,0.5833333333333333,0.28941438070815306,0.4,3.0
Mass_of_Seeds,RandomForest,3,2,0.3188897564695902,13,3,16,0.5128205128205128,0.26587301587301587,0.0,0.2,3.0
Mass_of_Seeds,MLP,3,2,0.3188897564695902,13,3,16,0.6923076923076923,0.576923076923077,0.28941438070815306,0.4,3.0
Mass_of_Seeds,XGBoost,3,2,0.3188897564695902,13,3,16,0.3589743589743589,0.18803418803418806,-0.18156825980064073,0.0,3.0
Mass_of_Seeds,LightGBM,3,2,0.3188897564695902,13,3,16,0.3333333333333333,0.18937728937728937,-0.041344911529736156,0.2,3.0
Mass_of_Seeds,LogReg,3,3,0.3188897564695902,13,3,16,0.717948717948718,0.3555555555555555,0.28941438070815306,0.4,3.0
Mass_of_Seeds,RandomForest,3,3,0.3188897564695902,13,3,16,0.5641025641025641,0.3269230769230769,0.0,0.2,3.0
Mass_of_Seeds,MLP,3,3,0.3188897564695902,13,3,16,0.8205128205128205,0.625,0.4622501635210242,0.4,3.0
Mass_of_Seeds,XGBoost,3,3,0.3188897564695902,13,3,16,0.641025641025641,0.4555555555555555,0.30261376633440124,0.4,3.0
Mass_of_Seeds,LightGBM,3,3,0.3188897564695902,13,3,16,0.7692307692307692,0.4888888888888889,0.30261376633440124,0.4,3.0
Mass_of_Seeds,LogReg,3,4,0.3188897564695902,13,3,16,0.6153846153846154,0.2785714285714286,0.021591675854376522,0.2,3.0
Mass_of_Seeds,RandomForest,3,4,0.3188897564695902,13,3,16,0.5641025641025641,0.4880952380952381,0.0,0.2,3.0
Mass_of_Seeds,MLP,3,4,0.3188897564695902,13,3,16,0.5897435897435898,0.2694805194805195,-0.041344911529736156,0.2,3.0
Mass_of_Seeds,XGBoost,3,4,0.3188897564695902,13,3,16,0.5128205128205128,0.47086247086247085,0.0,0.2,3.0
Mass_of_Seeds,LightGBM,3,4,0.3188897564695902,13,3,16,0.48717948717948717,0.26884920634920634,0.1794871794871795,0.2,3.0
Mass_of_Seeds,LogReg,4,0,0.31828574367239393,13,4,17,0.7692307692307692,0.6083333333333333,0.46088240084927024,0.6,4.0
Mass_of_Seeds,RandomForest,4,0,0.31828574367239393,13,4,17,0.673076923076923,0.38257575757575757,0.0,0.4,4.0
Mass_of_Seeds,MLP,4,0,0.31828574367239393,13,4,17,0.6538461538461539,0.37976190476190474,0.25064020591380154,0.4,4.0
Mass_of_Seeds,XGBoost,4,0,0.31828574367239393,13,4,17,0.5769230769230769,0.34775641025641024,0.0,0.2,4.0
Mass_of_Seeds,LightGBM,4,0,0.31828574367239393,13,4,17,0.5384615384615384,0.34226190476190477,0.10699012312772822,0.2,4.0
Mass_of_Seeds,LogReg,4,1,0.31867657548234435,13,3,16,0.641025641025641,0.28888888888888886,-0.23076923076923078,0.2,3.0
Mass_of_Seeds,RandomForest,4,1,0.31867657548234435,13,3,16,0.5128205128205128,0.23882783882783884,0.0,0.2,3.0
Mass_of_Seeds,MLP,4,1,0.31867657548234435,13,3,16,0.6410256410256411,0.28968253968253965,0.09245003270420485,0.2,3.0
Mass_of_Seeds,XGBoost,4,1,0.31867657548234435,13,3,16,0.48717948717948717,0.2569444444444444,0.0,0.2,3.0
Mass_of_Seeds,LightGBM,4,1,0.31867657548234435,13,3,16,0.4871794871794871,0.2611111111111111,-0.18156825980064073,0.2,3.0
Mass_of_Seeds,LogReg,4,2,0.31892528663413117,13,3,16,0.7948717948717948,0.611111111111111,0.4622501635210242,0.4,3.0
Mass_of_Seeds,RandomForest,4,2,0.31892528663413117,13,3,16,0.8974358974358975,0.5888888888888888,0.0,0.6,3.0
Mass_of_Seeds,MLP,4,2,0.31892528663413117,13,3,16,0.7692307692307692,0.6,0.4622501635210242,0.4,3.0
Mass_of_Seeds,XGBoost,4,2,0.31892528663413117,13,3,16,0.8461538461538461,0.5317460317460317,-0.12403473458920847,0.4,3.0
Mass_of_Seeds,LightGBM,4,2,0.31892528663413117,13,3,16,0.9230769230769231,0.6388888888888888,0.8320502943378436,0.6,3.0
Mass_of_Seeds,LogReg,4,3,0.3188897564695902,13,3,16,0.46153846153846156,0.3032407407407407,0.1794871794871795,0.2,3.0
Mass_of_Seeds,RandomForest,4,3,0.3188897564695902,13,3,16,0.41025641025641024,0.20238095238095238,0.0,0.0,3.0
Mass_of_Seeds,MLP,4,3,0.3188897564695902,13,3,16,0.6666666666666666,0.3833333333333333,0.1794871794871795,0.4,3.0
Mass_of_Seeds,XGBoost,4,3,0.3188897564695902,13,3,16,0.4871794871794871,0.22771672771672774,-0.12403473458920847,0.0,3.0
Mass_of_Seeds,LightGBM,4,3,0.3188897564695902,13,3,16,0.6666666666666666,0.3833333333333333,0.1794871794871795,0.4,3.0
Mass_of_Seeds,LogReg,4,4,0.3188897564695902,13,3,16,0.8717948717948717,0.5555555555555556,0.3670584895244009,0.4,3.0
Mass_of_Seeds,RandomForest,4,4,0.3188897564695902,13,3,16,0.7435897435897435,0.7435897435897436,0.0,0.4,3.0
Mass_of_Seeds,MLP,4,4,0.3188897564695902,13,3,16,0.8717948717948717,0.5555555555555556,0.3670584895244009,0.4,3.0
Mass_of_Seeds,XGBoost,4,4,0.3188897564695902,13,3,16,0.7179487179487178,0.6324786324786326,0.30261376633440124,0.4,3.0
Mass_of_Seeds,LightGBM,4,4,0.3188897564695902,13,3,16,0.7435897435897435,0.7435897435897436,0.7867957924694432,0.4,3.0
Seed_Coat_Tannin,LogReg,0,0,965.7150981057742,13,4,17,0.5576923076923077,0.35049019607843135,0.34615384615384615,0.4,4.0
Seed_Coat_Tannin,RandomForest,0,0,965.7150981057742,13,4,17,0.5576923076923077,0.5379901960784313,0.4506939094329987,0.4,4.0
Seed_Coat_Tannin,MLP,0,0,965.7150981057742,13,4,17,0.5192307692307693,0.317156862745098,-0.20254787341673333,0.4,4.0
Seed_Coat_Tannin,XGBoost,0,0,965.7150981057742,13,4,17,0.4807692307692308,0.36239495798319327,0.0,0.4,4.0
Seed_Coat_Tannin,LightGBM,0,0,965.7150981057742,13,4,17,0.38461538461538464,0.2635854341736695,-0.1386750490563073,0.2,4.0
Seed_Coat_Tannin,LogReg,0,1,975.9108551900151,13,3,16,0.8974358974358975,0.7,0.1794871794871795,0.6,3.0
Seed_Coat_Tannin,RandomForest,0,1,975.9108551900151,13,3,16,0.7435897435897436,0.4027777777777778,0.0,0.2,3.0
Seed_Coat_Tannin,MLP,0,1,975.9108551900151,13,3,16,0.8974358974358974,0.8095238095238095,0.7867957924694432,0.4,3.0
Seed_Coat_Tannin,XGBoost,0,1,975.9108551900151,13,3,16,0.4358974358974359,0.21060606060606063,0.0,0.2,3.0
Seed_Coat_Tannin,LightGBM,0,1,975.9108551900151,13,3,16,0.5641025641025641,0.25757575757575757,-0.18156825980064073,0.2,3.0
Seed_Coat_Tannin,LogReg,0,2,970.2364519753007,13,3,16,0.6153846153846154,0.34074074074074073,0.09245003270420485,0.2,3.0
Seed_Coat_Tannin,RandomForest,0,2,970.2364519753007,13,3,16,0.5128205128205128,0.2297979797979798,0.0,0.0,3.0
Seed_Coat_Tannin,MLP,0,2,970.2364519753007,13,3,16,0.6153846153846154,0.49831649831649827,0.09245003270420485,0.2,3.0
Seed_Coat_Tannin,XGBoost,0,2,970.2364519753007,13,3,16,0.4358974358974359,0.2103174603174603,-0.12403473458920847,0.0,3.0
Seed_Coat_Tannin,LightGBM,0,2,970.2364519753007,13,3,16,0.2051282051282051,0.154985754985755,-0.12403473458920847,0.0,3.0
Seed_Coat_Tannin,LogReg,0,3,975.9108551900151,13,3,16,0.4615384615384615,0.22142857142857142,-0.10087125544480041,0.2,3.0
Seed_Coat_Tannin,RandomForest,0,3,975.9108551900151,13,3,16,0.3846153846153845,0.19120879120879122,0.0,0.0,3.0
Seed_Coat_Tannin,MLP,0,3,975.9108551900151,13,3,16,0.33333333333333326,0.1888888888888889,-0.2773500981126145,0.2,3.0
Seed_Coat_Tannin,XGBoost,0,3,975.9108551900151,13,3,16,0.2564102564102564,0.16984126984126985,-0.18156825980064073,0.0,3.0
Seed_Coat_Tannin,LightGBM,0,3,975.9108551900151,13,3,16,0.23076923076923075,0.1736111111111111,-0.2773500981126145,0.2,3.0
Seed_Coat_Tannin,LogReg,0,4,975.9108551900151,13,3,16,0.5641025641025641,0.2574074074074074,-0.041344911529736156,0.2,3.0
Seed_Coat_Tannin,RandomForest,0,4,975.9108551900151,13,3,16,0.358974358974359,0.18703703703703706,0.0,0.0,3.0
Seed_Coat_Tannin,MLP,0,4,975.9108551900151,13,3,16,0.5897435897435896,0.26868686868686864,-0.18156825980064073,0.2,3.0
Seed_Coat_Tannin,XGBoost,0,4,975.9108551900151,13,3,16,0.30769230769230765,0.17370129870129872,0.0,0.0,3.0
Seed_Coat_Tannin,LightGBM,0,4,975.9108551900151,13,3,16,0.30769230769230765,0.22123015873015872,0.09245003270420485,0.2,3.0
Seed_Coat_Tannin,LogReg,1,0,959.1414000479223,13,5,17,0.5333333333333333,0.3335714285714286,-0.29880715233359845,0.2,5.0
Seed_Coat_Tannin,RandomForest,1,0,959.1414000479223,13,5,17,0.5666666666666667,0.487967032967033,0.0,0.4,5.0
Seed_Coat_Tannin,MLP,1,0,959.1414000479223,13,5,17,0.5333333333333333,0.3514285714285714,-0.1613743060919757,0.4,5.0
Seed_Coat_Tannin,XGBoost,1,0,959.1414000479223,13,5,17,0.43333333333333335,0.30964285714285716,-0.1613743060919757,0.4,5.0
Seed_Coat_Tannin,LightGBM,1,0,959.1414000479223,13,5,17,0.13333333333333333,0.21001400560224087,-0.29880715233359845,0.0,5.0
Seed_Coat_Tannin,LogReg,1,1,975.9108551900151,13,3,16,0.3846153846153846,0.19312169312169314,-0.18156825980064073,0.0,3.0
Seed_Coat_Tannin,RandomForest,1,1,975.9108551900151,13,3,16,0.30769230769230765,0.17678571428571427,0.0,0.0,3.0
Seed_Coat_Tannin,MLP,1,1,975.9108551900151,13,3,16,0.358974358974359,0.19212962962962962,-0.12403473458920847,0.0,3.0
Seed_Coat_Tannin,XGBoost,1,1,975.9108551900151,13,3,16,0.3076923076923077,0.17824074074074073,-0.12403473458920847,0.0,3.0
Seed_Coat_Tannin,LightGBM,1,1,975.9108551900151,13,3,16,0.15384615384615385,0.1504884004884005,-0.12403473458920847,0.0,3.0
Seed_Coat_Tannin,LogReg,1,2,975.9108551900151,13,3,16,0.4615384615384615,0.2222222222222222,-0.041344911529736156,0.0,3.0
Seed_Coat_Tannin,RandomForest,1,2,975.9108551900151,13,3,16,0.17948717948717946,0.1512820512820513,0.0,0.0,3.0
Seed_Coat_Tannin,MLP,1,2,975.9108551900151,13,3,16,0.4358974358974359,0.22440476190476188,-0.2773500981126145,0.2,3.0
Seed_Coat_Tannin,XGBoost,1,2,975.9108551900151,13,3,16,0.17948717948717946,0.15138888888888888,-0.12403473458920847,0.0,3.0
Seed_Coat_Tannin,LightGBM,1,2,975.9108551900151,13,3,16,0.3589743589743589,0.18759018759018758,-0.23076923076923078,0.0,3.0
Seed_Coat_Tannin,LogReg,1,3,975.9108551900151,13,3,16,0.5384615384615384,0.2554945054945055,-0.23076923076923078,0.2,3.0
Seed_Coat_Tannin,RandomForest,1,3,975.9108551900151,13,3,16,0.5641025641025641,0.25,0.0,0.2,3.0
Seed_Coat_Tannin,MLP,1,3,975.9108551900151,13,3,16,0.41025641025641024,0.20105820105820105,-0.12403473458920847,0.0,3.0
Seed_Coat_Tannin,XGBoost,1,3,975.9108551900151,13,3,16,0.5128205128205128,0.2847222222222222,-0.18156825980064073,0.2,3.0
Seed_Coat_Tannin,LightGBM,1,3,975.9108551900151,13,3,16,0.3076923076923077,0.2736111111111111,0.1794871794871795,0.2,3.0
Seed_Coat_Tannin,LogReg,1,4,976.2428233087381,13,3,16,0.4358974358974359,0.29583333333333334,0.021591675854376522,0.2,3.0
Seed_Coat_Tannin,RandomForest,1,4,976.2428233087381,13,3,16,0.3846153846153846,0.2106060606060606,0.0,0.2,3.0
Seed_Coat_Tannin,MLP,1,4,976.2428233087381,13,3,16,0.41025641025641024,0.19907407407407407,-0.23076923076923078,0.0,3.0
Seed_Coat_Tannin,XGBoost,1,4,976.2428233087381,13,3,16,0.3589743589743589,0.18759018759018758,-0.18156825980064073,0.0,3.0
Seed_Coat_Tannin,LightGBM,1,4,976.2428233087381,13,3,16,0.17948717948717943,0.15132275132275133,-0.18156825980064073,0.0,3.0
Seed_Coat_Tannin,LogReg,2,0,965.7150981057742,13,4,17,0.38461538461538464,0.2287698412698413,-0.25677629550654774,0.0,4.0
Seed_Coat_Tannin,RandomForest,2,0,965.7150981057742,13,4,17,0.25,0.19441391941391942,0.0,0.0,4.0
Seed_Coat_Tannin,MLP,2,0,965.7150981057742,13,4,17,0.4230769230769231,0.24873737373737373,-0.25677629550654774,0.2,4.0
Seed_Coat_Tannin,XGBoost,2,0,965.7150981057742,13,4,17,0.09615384615384615,0.16811840120663651,-0.20254787341673333,0.0,4.0
Seed_Coat_Tannin,LightGBM,2,0,965.7150981057742,13,4,17,0.17307692307692304,0.17946428571428572,-0.25677629550654774,0.0,4.0
Seed_Coat_Tannin,LogReg,2,1,970.2364519753007,13,3,16,0.6923076923076923,0.3686868686868687,0.1794871794871795,0.4,3.0
Seed_Coat_Tannin,RandomForest,2,1,970.2364519753007,13,3,16,0.48717948717948717,0.24523809523809526,0.0,0.2,3.0
Seed_Coat_Tannin,MLP,2,1,970.2364519753007,13,3,16,0.564102564102564,0.3111111111111111,-0.18156825980064073,0.4,3.0
Seed_Coat_Tannin,XGBoost,2,1,970.2364519753007,13,3,16,0.46153846153846156,0.2285714285714286,0.0,0.2,3.0
Seed_Coat_Tannin,LightGBM,2,1,970.2364519753007,13,3,16,0.48717948717948717,0.2566137566137566,0.09245003270420485,0.2,3.0
Seed_Coat_Tannin,LogReg,2,2,976.2428233087381,13,3,16,0.3846153846153846,0.21031746031746035,-0.23076923076923078,0.2,3.0
Seed_Coat_Tannin,RandomForest,2,2,976.2428233087381,13,3,16,0.4615384615384615,0.2492063492063492,0.0,0.2,3.0
Seed_Coat_Tannin,MLP,2,2,976.2428233087381,13,3,16,0.5897435897435896,0.3333333333333333,0.30261376633440124,0.2,3.0
Seed_Coat_Tannin,XGBoost,2,2,976.2428233087381,13,3,16,0.43589743589743585,0.2051948051948052,0.0,0.0,3.0
Seed_Coat_Tannin,LightGBM,2,2,976.2428233087381,13,3,16,0.17948717948717943,0.15252525252525254,-0.23076923076923078,0.0,3.0
Seed_Coat_Tannin,LogReg,2,3,975.9108551900151,13,3,16,0.10256410256410253,0.14042207792207792,-0.3721042037676254,0.0,3.0
Seed_Coat_Tannin,RandomForest,2,3,975.9108551900151,13,3,16,0.2564102564102564,0.16430976430976432,0.0,0.0,3.0
Seed_Coat_Tannin,MLP,2,3,975.9108551900151,13,3,16,0.30769230769230765,0.17414529914529916,-0.12403473458920847,0.0,3.0
Seed_Coat_Tannin,XGBoost,2,3,975.9108551900151,13,3,16,0.10256410256410256,0.14027777777777778,-0.12403473458920847,0.0,3.0
Seed_Coat_Tannin,LightGBM,2,3,975.9108551900151,13,3,16,0.23076923076923075,0.1596153846153846,-0.23076923076923078,0.0,3.0
Seed_Coat_Tannin,LogReg,2,4,975.9108551900151,13,3,16,0.5897435897435898,0.2694805194805195,0.09245003270420485,0.2,3.0
Seed_Coat_Tannin,RandomForest,2,4,975.9108551900151,13,3,16,0.641025641025641,0.3611111111111111,0.0,0.2,3.0
Seed_Coat_Tannin,MLP,2,4,975.9108551900151,13,3,16,0.6923076923076923,0.33134920634920634,-0.18156825980064073,0.2,3.0
Seed_Coat_Tannin,XGBoost,2,4,975.9108551900151,13,3,16,0.4615384615384615,0.2126022126022126,0.0,0.0,3.0
Seed_Coat_Tannin,LightGBM,2,4,975.9108551900151,13,3,16,0.30769230769230765,0.17456617456617457,-0.23076923076923078,0.0,3.0
Seed_Coat_Tannin,LogReg,3,0,961.9786016552795,13,5,17,0.4,0.2891666666666667,-0.13333333333333333,0.2,5.0
Seed_Coat_Tannin,RandomForest,3,0,961.9786016552795,13,5,17,0.3666666666666667,0.2675124875124875,-0.1613743060919757,0.2,5.0
Seed_Coat_Tannin,MLP,3,0,961.9786016552795,13,5,17,0.31666666666666665,0.2744800950683304,-0.053708615552957466,0.2,5.0
Seed_Coat_Tannin,XGBoost,3,0,961.9786016552795,13,5,17,0.39999999999999997,0.28678571428571425,-0.23570226039551584,0.2,5.0
Seed_Coat_Tannin,LightGBM,3,0,961.9786016552795,13,5,17,0.2833333333333333,0.29518716577540105,0.1649915822768611,0.2,5.0
Seed_Coat_Tannin,LogReg,3,1,975.9108551900151,13,3,16,0.43589743589743585,0.2051948051948052,-0.2219167619785609,0.0,3.0
Seed_Coat_Tannin,RandomForest,3,1,975.9108551900151,13,3,16,0.5128205128205128,0.24074074074074076,0.0,0.2,3.0
Seed_Coat_Tannin,MLP,3,1,975.9108551900151,13,3,16,0.5641025641025641,0.25,-0.2773500981126145,0.0,3.0
Seed_Coat_Tannin,XGBoost,3,1,975.9108551900151,13,3,16,0.43589743589743585,0.21666666666666667,-0.12403473458920847,0.2,3.0
Seed_Coat_Tannin,LightGBM,3,1,975.9108551900151,13,3,16,0.23076923076923075,0.1596153846153846,-0.32387513781564786,0.0,3.0
Seed_Coat_Tannin,LogReg,3,2,975.9108551900151,13,3,16,0.6923076923076923,0.3333333333333333,0.1794871794871795,0.2,3.0
Seed_Coat_Tannin,RandomForest,3,2,975.9108551900151,13,3,16,0.7692307692307692,0.38333333333333336,0.0,0.4,3.0
Seed_Coat_Tannin,MLP,3,2,975.9108551900151,13,3,16,0.5897435897435896,0.5111111111111111,0.1794871794871795,0.2,3.0
Seed_Coat_Tannin,XGBoost,3,2,975.9108551900151,13,3,16,0.5897435897435896,0.4935897435897436,0.53748384988657,0.2,3.0
Seed_Coat_Tannin,LightGBM,3,2,975.9108551900151,13,3,16,0.46153846153846156,0.2987012987012987,-0.12403473458920847,0.2,3.0
Seed_Coat_Tannin,LogReg,3,3,975.9108551900151,13,3,16,0.4358974358974359,0.21216931216931217,-0.23076923076923078,0.2,3.0
Seed_Coat_Tannin,RandomForest,3,3,975.9108551900151,13,3,16,0.3846153846153846,0.20138888888888887,0.0,0.0,3.0
Seed_Coat_Tannin,MLP,3,3,975.9108551900151,13,3,16,0.4358974358974359,0.29583333333333334,0.021591675854376522,0.2,3.0
Seed_Coat_Tannin,XGBoost,3,3,975.9108551900151,13,3,16,0.5641025641025641,0.3402777777777778,0.0,0.4,3.0
Seed_Coat_Tannin,LightGBM,3,3,975.9108551900151,13,3,16,0.48717948717948717,0.4699074074074074,0.1794871794871795,0.2,3.0
Seed_Coat_Tannin,LogReg,3,4,970.2364519753007,13,3,16,0.3333333333333333,0.1841931216931217,-0.23076923076923078,0.0,3.0
Seed_Coat_Tannin,RandomForest,3,4,970.2364519753007,13,3,16,0.4615384615384615,0.24107142857142855,0.0,0.2,3.0
Seed_Coat_Tannin,MLP,3,4,970.2364519753007,13,3,16,0.5384615384615384,0.24074074074074076,-0.23076923076923078,0.2,3.0
Seed_Coat_Tannin,XGBoost,3,4,970.2364519753007,13,3,16,0.5384615384615384,0.25,0.0,0.2,3.0
Seed_Coat_Tannin,LightGBM,3,4,970.2364519753007,13,3,16,0.282051282051282,0.1703703703703704,-0.2773500981126145,0.0,3.0
Seed_Coat_Tannin,LogReg,4,0,965.7150981057742,13,4,17,0.4423076923076923,0.24464285714285716,-0.25677629550654774,0.0,4.0
Seed_Coat_Tannin,RandomForest,4,0,965.7150981057742,13,4,17,0.4230769230769231,0.23664529914529914,0.0,0.0,4.0
Seed_Coat_Tannin,MLP,4,0,965.7150981057742,13,4,17,0.5,0.2631313131313131,0.0,0.0,4.0
Seed_Coat_Tannin,XGBoost,4,0,965.7150981057742,13,4,17,0.5769230769230769,0.2992424242424242,0.0,0.2,4.0
Seed_Coat_Tannin,LightGBM,4,0,965.7150981057742,13,4,17,0.3846153846153846,0.22559523809523807,-0.1386750490563073,0.0,4.0
Seed_Coat_Tannin,LogReg,4,1,970.2364519753007,13,3,16,0.46153846153846156,0.2285714285714286,0.2219167619785609,0.2,3.0
Seed_Coat_Tannin,RandomForest,4,1,970.2364519753007,13,3,16,0.2564102564102564,0.16477272727272727,0.0,0.0,3.0
Seed_Coat_Tannin,MLP,4,1,970.2364519753007,13,3,16,0.30769230769230765,0.17456617456617457,-0.2773500981126145,0.0,3.0
Seed_Coat_Tannin,XGBoost,4,1,970.2364519753007,13,3,16,0.30769230769230765,0.17513227513227514,0.0,0.0,3.0
Seed_Coat_Tannin,LightGBM,4,1,970.2364519753007,13,3,16,0.2051282051282051,0.15555555555555556,-0.2773500981126145,0.0,3.0
Seed_Coat_Tannin,LogReg,4,2,975.9108551900151,13,3,16,0.4358974358974359,0.22086247086247085,-0.18156825980064073,0.2,3.0
Seed_Coat_Tannin,RandomForest,4,2,975.9108551900151,13,3,16,0.4102564102564102,0.21249999999999997,0.0,0.2,3.0
Seed_Coat_Tannin,MLP,4,2,975.9108551900151,13,3,16,0.17948717948717946,0.15178571428571427,-0.23076923076923078,0.0,3.0
Seed_Coat_Tannin,XGBoost,4,2,975.9108551900151,13,3,16,0.3846153846153846,0.2125,0.0,0.2,3.0
Seed_Coat_Tannin,LightGBM,4,2,975.9108551900151,13,3,16,0.48717948717948717,0.26884920634920634,0.0,0.2,3.0
Seed_Coat_Tannin,LogReg,4,3,976.2428233087381,13,3,16,0.5641025641025641,0.25,-0.10087125544480041,0.2,3.0
Seed_Coat_Tannin,RandomForest,4,3,976.2428233087381,13,3,16,0.3846153846153846,0.19155844155844157,0.0,0.0,3.0
Seed_Coat_Tannin,MLP,4,3,976.2428233087381,13,3,16,0.5384615384615384,0.2388888888888889,-0.18156825980064073,0.0,3.0
Seed_Coat_Tannin,XGBoost,4,3,976.2428233087381,13,3,16,0.46153846153846156,0.21574074074074073,-0.18156825980064073,0.0,3.0
Seed_Coat_Tannin,LightGBM,4,3,976.2428233087381,13,3,16,0.15384615384615383,0.14825174825174825,-0.32387513781564786,0.0,3.0
Seed_Coat_Tannin,LogReg,4,4,975.9108551900151,13,3,16,0.5641025641025641,0.2507936507936508,-0.2773500981126145,0.0,3.0
Seed_Coat_Tannin,RandomForest,4,4,975.9108551900151,13,3,16,0.3846153846153846,0.2106060606060606,0.0,0.2,3.0
Seed_Coat_Tannin,MLP,4,4,975.9108551900151,13,3,16,0.846153846153846,0.5,-0.12403473458920847,0.4,3.0
Seed_Coat_Tannin,XGBoost,4,4,975.9108551900151,13,3,16,0.5128205128205128,0.2435897435897436,-0.18156825980064073,0.2,3.0
Seed_Coat_Tannin,LightGBM,4,4,975.9108551900151,13,3,16,0.17948717948717946,0.15456349206349207,-0.23076923076923078,0.0,3.0
Crude_Protein,LogReg,0,0,38.853055735372024,13,3,16,0.6666666666666666,0.3833333333333333,0.1794871794871795,0.4,3.0
Crude_Protein,RandomForest,0,0,38.853055735372024,13,3,16,0.4487179487179487,0.24768518518518517,0.0,0.2,3.0
Crude_Protein,MLP,0,0,38.853055735372024,13,3,16,0.6666666666666666,0.5714285714285714,0.30261376633440124,0.4,3.0
Crude_Protein,XGBoost,0,0,38.853055735372024,13,3,16,0.3974358974358974,0.2342171717171717,-0.18156825980064073,0.2,3.0
Crude_Protein,LightGBM,0,0,38.853055735372024,13,3,16,0.3974358974358974,0.21060606060606063,0.09245003270420485,0.2,3.0
Crude_Protein,LogReg,0,1,38.853055735372024,13,3,16,0.8717948717948717,0.6666666666666667,0.0,0.4,3.0
Crude_Protein,RandomForest,0,1,38.853055735372024,13,3,16,0.641025641025641,0.40476190476190477,0.0,0.4,3.0
Crude_Protein,MLP,0,1,38.853055735372024,13,3,16,0.9487179487179487,0.8666666666666667,0.0,0.6,3.0
Crude_Protein,XGBoost,0,1,38.853055735372024,13,3,16,0.7435897435897436,0.5909090909090908,0.30261376633440124,0.4,3.0
Crude_Protein,LightGBM,0,1,38.853055735372024,13,3,16,0.41025641025641024,0.20555555555555557,-0.23076923076923078,0.0,3.0
Crude_Protein,LogReg,0,2,38.67701664141576,13,4,16,0.7916666666666666,0.4928571428571429,0.2182178902359924,0.4,4.0
Crude_Protein,RandomForest,0,2,38.67701664141576,13,4,16,0.6041666666666665,0.3619047619047619,0.0,0.4,4.0
Crude_Protein,MLP,0,2,38.67701664141576,13,4,16,0.5416666666666666,0.35119047619047616,0.09245003270420485,0.2,4.0
Crude_Protein,XGBoost,0,2,38.67701664141576,13,4,16,0.5833333333333333,0.34851190476190474,0.09245003270420485,0.4,4.0
Crude_Protein,LightGBM,0,2,38.67701664141576,13,4,16,0.4791666666666667,0.29166666666666663,0.0,0.2,4.0
Crude_Protein,LogReg,0,3,38.810232499439884,13,3,15,0.5277777777777778,0.25,-0.30151134457776363,0.2,3.0
Crude_Protein,RandomForest,0,3,38.810232499439884,13,3,15,0.7777777777777777,0.5916666666666666,0.0,0.4,3.0
Crude_Protein,MLP,0,3,38.810232499439884,13,3,15,0.6944444444444444,0.5396825396825397,0.5345224838248488,0.2,3.0
Crude_Protein,XGBoost,0,3,38.810232499439884,13,3,15,0.3888888888888889,0.24444444444444446,0.0,0.2,3.0
Crude_Protein,LightGBM,0,3,38.810232499439884,13,3,15,0.5,0.3214285714285714,-0.06804138174397717,0.2,3.0
Crude_Protein,LogReg,0,4,38.800740198984464,13,3,15,0.5833333333333333,0.49831649831649827,-0.06804138174397717,0.2,3.0
Crude_Protein,RandomForest,0,4,38.800740198984464,13,3,15,0.5833333333333333,0.34074074074074073,0.0,0.2,3.0
Crude_Protein,MLP,0,4,38.800740198984464,13,3,15,0.6111111111111112,0.35,0.16666666666666666,0.2,3.0
Crude_Protein,XGBoost,0,4,38.800740198984464,13,3,15,0.6388888888888888,0.5435897435897437,0.0,0.4,3.0
Crude_Protein,LightGBM,0,4,38.800740198984464,13,3,15,0.611111111111111,0.3277777777777778,-0.19611613513818402,0.4,3.0
Crude_Protein,LogReg,1,0,38.853055735372024,13,3,16,0.6666666666666666,0.41025641025641024,0.3670584895244009,0.4,3.0
Crude_Protein,RandomForest,1,0,38.853055735372024,13,3,16,0.5384615384615384,0.3402777777777778,0.0,0.2,3.0
Crude_Protein,MLP,1,0,38.853055735372024,13,3,16,0.5897435897435898,0.3958333333333333,0.3670584895244009,0.4,3.0
Crude_Protein,XGBoost,1,0,38.853055735372024,13,3,16,0.5641025641025641,0.28327228327228327,-0.18156825980064073,0.2,3.0
Crude_Protein,LightGBM,1,0,38.853055735372024,13,3,16,0.5641025641025641,0.25757575757575757,-0.18156825980064073,0.2,3.0
Crude_Protein,LogReg,1,1,38.853055735372024,13,3,16,0.717948717948718,0.3416666666666666,-0.18156825980064073,0.4,3.0
Crude_Protein,RandomForest,1,1,38.853055735372024,13,3,16,0.641025641025641,0.5075757575757576,0.0,0.2,3.0
Crude_Protein,MLP,1,1,38.853055735372024,13,3,16,0.6923076923076924,0.3194444444444444,-0.12403473458920847,0.2,3.0
Crude_Protein,XGBoost,1,1,38.853055735372024,13,3,16,0.43589743589743585,0.21666666666666667,0.0,0.2,3.0
Crude_Protein,LightGBM,1,1,38.853055735372024,13,3,16,0.5384615384615384,0.3402777777777778,0.1794871794871795,0.2,3.0
Crude_Protein,LogReg,1,2,38.67701664141576,13,4,16,0.6041666666666667,0.5214285714285715,0.14907119849998599,0.4,4.0
Crude_Protein,RandomForest,1,2,38.67701664141576,13,4,16,0.6458333333333334,0.5863095238095237,0.0,0.4,4.0
Crude_Protein,MLP,1,2,38.67701664141576,13,4,16,0.6666666666666667,0.5666666666666667,0.23354968324845687,0.4,4.0
Crude_Protein,XGBoost,1,2,38.67701664141576,13,4,16,0.7708333333333334,0.8166666666666667,0.4472135954999579,0.6,4.0
Crude_Protein,LightGBM,1,2,38.67701664141576,13,4,16,0.6041666666666666,0.5583333333333333,0.14907119849998599,0.4,4.0
Crude_Protein,LogReg,1,3,38.800740198984464,13,3,15,0.4722222222222222,0.23095238095238096,-0.19611613513818402,0.0,3.0
Crude_Protein,RandomForest,1,3,38.800740198984464,13,3,15,0.38888888888888884,0.2078754578754579,0.0,0.0,3.0
Crude_Protein,MLP,1,3,38.800740198984464,13,3,15,0.5277777777777778,0.29365079365079366,-0.1336306209562122,0.2,3.0
Crude_Protein,XGBoost,1,3,38.800740198984464,13,3,15,0.3333333333333333,0.19312169312169314,0.0,0.0,3.0
Crude_Protein,LightGBM,1,3,38.800740198984464,13,3,15,0.33333333333333337,0.23382173382173382,0.0,0.2,3.0
Crude_Protein,LogReg,1,4,38.810232499439884,13,3,15,0.7222222222222222,0.4111111111111111,0.35355339059327373,0.4,3.0
Crude_Protein,RandomForest,1,4,38.810232499439884,13,3,15,0.8055555555555555,0.5138888888888888,-0.1336306209562122,0.4,3.0
Crude_Protein,MLP,1,4,38.810232499439884,13,3,15,0.5,0.24206349206349206,-0.19611613513818402,0.0,3.0
Crude_Protein,XGBoost,1,4,38.810232499439884,13,3,15,0.8611111111111112,0.5555555555555556,0.294174202707276,0.4,3.0
Crude_Protein,LightGBM,1,4,38.810232499439884,13,3,15,0.7777777777777779,0.5873015873015872,0.294174202707276,0.2,3.0
Crude_Protein,LogReg,2,0,38.94240398223297,13,2,16,0.4285714285714286,0.22916666666666666,0.2182178902359924,0.2,2.0
Crude_Protein,RandomForest,2,0,38.94240398223297,13,2,16,0.5,0.5625,0.0,0.2,2.0
Crude_Protein,MLP,2,0,38.94240398223297,13,2,16,0.5,0.5625,0.30261376633440124,0.2,2.0
Crude_Protein,XGBoost,2,0,38.94240398223297,13,2,16,0.4285714285714286,0.22916666666666666,0.0,0.2,2.0
Crude_Protein,LightGBM,2,0,38.94240398223297,13,2,16,0.5,0.23809523809523808,0.15289415743128767,0.2,2.0
Crude_Protein,LogReg,2,1,38.853055735372024,13,3,16,0.641025641025641,0.3075757575757576,-0.23076923076923078,0.4,3.0
Crude_Protein,RandomForest,2,1,38.853055735372024,13,3,16,0.5897435897435898,0.2851851851851852,-0.12403473458920847,0.2,3.0
Crude_Protein,MLP,2,1,38.853055735372024,13,3,16,0.6153846153846154,0.30000000000000004,-0.23076923076923078,0.4,3.0
Crude_Protein,XGBoost,2,1,38.853055735372024,13,3,16,0.5128205128205128,0.3106060606060606,0.30261376633440124,0.2,3.0
Crude_Protein,LightGBM,2,1,38.853055735372024,13,3,16,0.641025641025641,0.3055555555555555,0.1794871794871795,0.2,3.0
Crude_Protein,LogReg,2,2,38.67701664141576,13,4,16,0.6041666666666666,0.5560897435897436,-0.07273929674533079,0.4,4.0
Crude_Protein,RandomForest,2,2,38.67701664141576,13,4,16,0.625,0.6394230769230769,0.0,0.4,4.0
Crude_Protein,MLP,2,2,38.67701664141576,13,4,16,0.5416666666666667,0.4640151515151515,-0.0778498944161523,0.2,4.0
Crude_Protein,XGBoost,2,2,38.67701664141576,13,4,16,0.6875,0.6738095238095239,0.3333333333333333,0.4,4.0
Crude_Protein,LightGBM,2,2,38.67701664141576,13,4,16,0.6875,0.5916666666666667,0.363696483726654,0.6,4.0
Crude_Protein,LogReg,2,3,38.800740198984464,13,3,15,0.6944444444444444,0.5444444444444444,0.16666666666666666,0.2,3.0
Crude_Protein,RandomForest,2,3,38.800740198984464,13,3,15,0.4444444444444444,0.2240740740740741,0.0,0.2,3.0
Crude_Protein,MLP,2,3,38.800740198984464,13,3,15,0.5555555555555556,0.2935897435897436,0.0,0.4,3.0
Crude_Protein,XGBoost,2,3,38.800740198984464,13,3,15,0.5277777777777777,0.32407407407407407,0.0,0.2,3.0
Crude_Protein,LightGBM,2,3,38.800740198984464,13,3,15,0.5555555555555556,0.3492063492063492,0.0,0.2,3.0
Crude_Protein,LogReg,2,4,38.810232499439884,13,3,15,0.41666666666666663,0.2492063492063492,0.07537783614444091,0.2,3.0
Crude_Protein,RandomForest,2,4,38.810232499439884,13,3,15,0.611111111111111,0.3277777777777778,0.0,0.4,3.0
Crude_Protein,MLP,2,4,38.810232499439884,13,3,15,0.3055555555555556,0.22905982905982908,0.16666666666666666,0.2,3.0
Crude_Protein,XGBoost,2,4,38.810232499439884,13,3,15,0.6388888888888888,0.3222222222222222,-0.1336306209562122,0.2,3.0
Crude_Protein,LightGBM,2,4,38.810232499439884,13,3,15,0.5277777777777778,0.2528138528138528,-0.1336306209562122,0.2,3.0
Crude_Protein,LogReg,3,0,38.853055735372024,13,3,16,0.5128205128205128,0.24074074074074076,-0.18156825980064073,0.2,3.0
Crude_Protein,RandomForest,3,0,38.853055735372024,13,3,16,0.3846153846153846,0.19461279461279463,-0.12403473458920847,0.0,3.0
Crude_Protein,MLP,3,0,38.853055735372024,13,3,16,0.5641025641025641,0.28809523809523807,-0.18156825980064073,0.4,3.0
Crude_Protein,XGBoost,3,0,38.853055735372024,13,3,16,0.358974358974359,0.18703703703703706,-0.23076923076923078,0.0,3.0
Crude_Protein,LightGBM,3,0,38.853055735372024,13,3,16,0.1282051282051282,0.1439814814814815,-0.23076923076923078,0.0,3.0
Crude_Protein,LogReg,3,1,38.853055735372024,13,3,16,0.5128205128205128,0.24074074074074076,-0.23076923076923078,0.2,3.0
Crude_Protein,RandomForest,3,1,38.853055735372024,13,3,16,0.7692307692307692,0.6,0.0,0.4,3.0
Crude_Protein,MLP,3,1,38.853055735372024,13,3,16,0.33333333333333326,0.2253968253968254,0.1794871794871795,0.2,3.0
Crude_Protein,XGBoost,3,1,38.853055735372024,13,3,16,0.6666666666666666,0.4603174603174603,-0.12403473458920847,0.4,3.0
Crude_Protein,LightGBM,3,1,38.853055735372024,13,3,16,0.5641025641025641,0.34444444444444444,0.30261376633440124,0.2,3.0
Crude_Protein,LogReg,3,2,38.67701664141576,13,4,16,0.5208333333333334,0.29166666666666663,0.0,0.2,4.0
Crude_Protein,RandomForest,3,2,38.67701664141576,13,4,16,0.49999999999999994,0.3020833333333333,0.0,0.2,4.0
Crude_Protein,MLP,3,2,38.67701664141576,13,4,16,0.4583333333333333,0.4041666666666666,0.2182178902359924,0.4,4.0
Crude_Protein,XGBoost,3,2,38.67701664141576,13,4,16,0.41666666666666663,0.25270562770562766,0.0,0.0,4.0
Crude_Protein,LightGBM,3,2,38.67701664141576,13,4,16,0.5416666666666666,0.35119047619047616,0.0,0.2,4.0
Crude_Protein,LogReg,3,3,38.810232499439884,13,3,15,0.8055555555555555,0.5138888888888888,0.35355339059327373,0.4,3.0
Crude_Protein,RandomForest,3,3,38.810232499439884,13,3,15,0.7500000000000001,0.4206349206349206,0.0,0.2,3.0
Crude_Protein,MLP,3,3,38.810232499439884,13,3,15,0.4722222222222222,0.22962962962962963,-0.06804138174397717,0.0,3.0
Crude_Protein,XGBoost,3,3,38.810232499439884,13,3,15,0.75,0.42499999999999993,0.294174202707276,0.4,3.0
Crude_Protein,LightGBM,3,3,38.810232499439884,13,3,15,0.638888888888889,0.3055555555555555,0.0,0.2,3.0
Crude_Protein,LogReg,3,4,38.800740198984464,13,3,15,0.3888888888888889,0.45604395604395603,0.0,0.2,3.0
Crude_Protein,RandomForest,3,4,38.800740198984464,13,3,15,0.41666666666666663,0.21766381766381765,0.0,0.2,3.0
Crude_Protein,MLP,3,4,38.800740198984464,13,3,15,0.5555555555555556,0.3492063492063492,0.07537783614444091,0.2,3.0
Crude_Protein,XGBoost,3,4,38.800740198984464,13,3,15,0.5,0.3214285714285714,-0.1336306209562122,0.2,3.0
Crude_Protein,LightGBM,3,4,38.800740198984464,13,3,15,0.4444444444444444,0.4666666666666667,0.16666666666666666,0.2,3.0
Crude_Protein,LogReg,4,0,38.853055735372024,13,3,16,0.4871794871794871,0.2611111111111111,-0.10087125544480041,0.2,3.0
Crude_Protein,RandomForest,4,0,38.853055735372024,13,3,16,0.5641025641025641,0.33333333333333337,0.0,0.2,3.0
Crude_Protein,MLP,4,0,38.853055735372024,13,3,16,0.5897435897435896,0.3666666666666667,0.09245003270420485,0.4,3.0
Crude_Protein,XGBoost,4,0,38.853055735372024,13,3,16,0.717948717948718,0.37777777777777777,-0.12403473458920847,0.4,3.0
Crude_Protein,LightGBM,4,0,38.853055735372024,13,3,16,0.5128205128205128,0.47916666666666663,0.30261376633440124,0.2,3.0
Crude_Protein,LogReg,4,1,38.853055735372024,13,3,16,0.7692307692307693,0.42499999999999993,0.09245003270420485,0.4,3.0
Crude_Protein,RandomForest,4,1,38.853055735372024,13,3,16,0.5641025641025641,0.3242424242424242,0.0,0.2,3.0
Crude_Protein,MLP,4,1,38.853055735372024,13,3,16,0.7948717948717949,0.6555555555555556,0.5897435897435898,0.4,3.0
Crude_Protein,XGBoost,4,1,38.853055735372024,13,3,16,0.5897435897435896,0.49090909090909085,0.0,0.2,3.0
Crude_Protein,LightGBM,4,1,38.853055735372024,13,3,16,0.3589743589743589,0.18571428571428572,-0.18156825980064073,0.0,3.0
Crude_Protein,LogReg,4,2,38.59097700092204,13,5,16,0.6,0.6143939393939394,0.5606119105813882,0.4,5.0
Crude_Protein,RandomForest,4,2,38.59097700092204,13,5,16,0.5636363636363637,0.3683333333333333,0.0,0.4,5.0
Crude_Protein,MLP,4,2,38.59097700092204,13,5,16,0.7090909090909092,0.6967857142857143,0.38297084310253526,0.6,5.0
Crude_Protein,XGBoost,4,2,38.59097700092204,13,5,16,0.6545454545454545,0.549047619047619,0.0,0.4,5.0
Crude_Protein,LightGBM,4,2,38.59097700092204,13,5,16,0.5636363636363637,0.406060606060606,0.0,0.4,5.0
Crude_Protein,LogReg,4,3,38.810232499439884,13,3,15,0.6111111111111112,0.5380952380952381,0.07537783614444091,0.4,3.0
Crude_Protein,RandomForest,4,3,38.810232499439884,13,3,15,0.5277777777777777,0.49523809523809526,0.0,0.2,3.0
Crude_Protein,MLP,4,3,38.810232499439884,13,3,15,0.5555555555555556,0.5111111111111111,0.294174202707276,0.2,3.0
Crude_Protein,XGBoost,4,3,38.810232499439884,13,3,15,0.6111111111111112,0.5666666666666667,0.0,0.4,3.0
Crude_Protein,LightGBM,4,3,38.810232499439884,13,3,15,0.6666666666666666,0.7333333333333334,0.5345224838248488,0.4,3.0
Crude_Protein,LogReg,4,4,38.87724368458559,13,3,15,0.5833333333333333,0.2777777777777778,0.2721655269759087,0.2,3.0
Crude_Protein,RandomForest,4,4,38.87724368458559,13,3,15,0.6666666666666666,0.3277777777777778,-0.1336306209562122,0.4,3.0
Crude_Protein,MLP,4,4,38.87724368458559,13,3,15,0.4444444444444444,0.22186147186147187,-0.1336306209562122,0.0,3.0
Crude_Protein,XGBoost,4,4,38.87724368458559,13,3,15,0.47222222222222215,0.2621082621082621,0.07537783614444091,0.2,3.0
Crude_Protein,LightGBM,4,4,38.87724368458559,13,3,15,0.5277777777777778,0.4880952380952381,0.0,0.2,3.0
Total_Oxalate,LogReg,0,0,1255.14241095093,6,2,8,0.5833333333333334,0.41666666666666663,0.14907119849998599,0.2,2.0
Total_Oxalate,RandomForest,0,0,1255.14241095093,6,2,8,0.6666666666666667,0.45,0.0,0.4,2.0
Total_Oxalate,MLP,0,0,1255.14241095093,6,2,8,0.6666666666666667,0.6666666666666666,0.3333333333333333,0.2,2.0
Total_Oxalate,XGBoost,0,0,1255.14241095093,6,2,8,0.7500000000000001,0.5,-0.2182178902359924,0.4,2.0
Total_Oxalate,LightGBM,0,0,1255.14241095093,6,2,8,0.5,0.25,0.0,0.2,2.0
Total_Oxalate,LogReg,0,1,1255.14241095093,6,2,8,0.8333333333333334,0.75,0.14907119849998599,0.4,2.0
Total_Oxalate,RandomForest,0,1,1255.14241095093,6,2,8,0.8333333333333334,0.75,0.0,0.4,2.0
Total_Oxalate,MLP,0,1,1255.14241095093,6,2,8,0.8333333333333334,0.75,0.14907119849998599,0.4,2.0
Total_Oxalate,XGBoost,0,1,1255.14241095093,6,2,8,1.0,1.0,0.0,0.4,2.0
Total_Oxalate,LightGBM,0,1,1255.14241095093,6,2,8,0.5,0.25,0.0,0.2,2.0
Total_Oxalate,LogReg,0,2,1264.1577838665003,6,2,7,0.6,0.45,-0.09128709291752768,0.4,2.0
Total_Oxalate,RandomForest,0,2,1264.1577838665003,6,2,7,0.8,0.5833333333333333,0.0,0.4,2.0
Total_Oxalate,MLP,0,2,1264.1577838665003,6,2,7,0.5,0.3666666666666667,-0.2581988897471611,0.4,2.0
Total_Oxalate,XGBoost,0,2,1264.1577838665003,6,2,7,0.5,0.41666666666666663,0.0,0.2,2.0
Total_Oxalate,LightGBM,0,2,1264.1577838665003,6,2,7,0.5,0.2857142857142857,0.0,0.4,2.0
Total_Oxalate,LogReg,0,3,1290.7190215226603,6,1,7,1.0,1.0,0.47140452079103173,0.2,1.0
Total_Oxalate,RandomForest,0,3,1290.7190215226603,6,1,7,1.0,1.0,0.0,0.2,1.0
Total_Oxalate,MLP,0,3,1290.7190215226603,6,1,7,1.0,1.0,1.0,0.2,1.0
Total_Oxalate,XGBoost,0,3,1290.7190215226603,6,1,7,0.5,0.25,0.0,0.2,1.0
Total_Oxalate,LightGBM,0,3,1290.7190215226603,6,1,7,0.5,0.14285714285714285,0.0,0.0,1.0
Total_Oxalate,LogReg,0,4,1293.0125086528003,6,1,7,0.33333333333333337,0.2,-0.3535533905932738,0.2,1.0
Total_Oxalate,RandomForest,0,4,1293.0125086528003,6,1,7,0.33333333333333337,0.2,0.0,0.2,1.0
Total_Oxalate,MLP,0,4,1293.0125086528003,6,1,7,0.33333333333333337,0.2,-0.3535533905932738,0.2,1.0
Total_Oxalate,XGBoost,0,4,1293.0125086528003,6,1,7,0.16666666666666663,0.16666666666666666,-0.16666666666666666,0.0,1.0
Total_Oxalate,LightGBM,0,4,1293.0125086528003,6,1,7,0.5,0.14285714285714285,0.0,0.2,1.0
Total_Oxalate,LogReg,1,0,1255.14241095093,6,2,8,0.75,0.7,0.6546536707079772,0.4,2.0
Total_Oxalate,RandomForest,1,0,1255.14241095093,6,2,8,0.5,0.325,0.0,0.4,2.0
Total_Oxalate,MLP,1,0,1255.14241095093,6,2,8,0.8333333333333334,0.75,0.0,0.4,2.0
Total_Oxalate,XGBoost,1,0,1255.14241095093,6,2,8,0.25,0.25,0.0,0.2,2.0
Total_Oxalate,LightGBM,1,0,1255.14241095093,6,2,8,0.5,0.25,0.0,0.4,2.0
Total_Oxalate,LogReg,1,1,1255.14241095093,6,2,8,0.4166666666666667,0.29166666666666663,-0.4472135954999579,0.2,2.0
Total_Oxalate,RandomForest,1,1,1255.14241095093,6,2,8,0.6666666666666667,0.41666666666666663,0.0,0.4,2.0
Total_Oxalate,MLP,1,1,1255.14241095093,6,2,8,0.25,0.24285714285714285,0.0,0.2,2.0
Total_Oxalate,XGBoost,1,1,1255.14241095093,6,2,8,0.7500000000000001,0.5,0.0,0.4,2.0
Total_Oxalate,LightGBM,1,1,1255.14241095093,6,2,8,0.5,0.25,0.0,0.2,2.0
Total_Oxalate,LogReg,1,2,1248.50210153689,6,2,7,0.5,0.41666666666666663,0.09128709291752768,0.2,2.0
Total_Oxalate,RandomForest,1,2,1248.50210153689,6,2,7,0.8,0.5833333333333333,0.0,0.4,2.0
Total_Oxalate,MLP,1,2,1248.50210153689,6,2,7,0.3,0.30952380952380953,-0.2581988897471611,0.2,2.0
Total_Oxalate,XGBoost,1,2,1248.50210153689,6,2,7,0.6,0.6666666666666666,0.3,0.2,2.0
Total_Oxalate,LightGBM,1,2,1248.50210153689,6,2,7,0.5,0.2857142857142857,0.0,0.2,2.0
Total_Oxalate,LogReg,1,4,1290.7190215226603,6,1,7,0.6666666666666667,0.3333333333333333,0.47140452079103173,0.2,1.0
Total_Oxalate,RandomForest,1,4,1290.7190215226603,6,1,7,0.6666666666666667,0.3333333333333333,0.0,0.2,1.0
Total_Oxalate,MLP,1,4,1290.7190215226603,6,1,7,0.5,0.25,-0.16666666666666666,0.2,1.0
Total_Oxalate,XGBoost,1,4,1290.7190215226603,6,1,7,0.8333333333333334,0.5,-0.16666666666666666,0.2,1.0
Total_Oxalate,LightGBM,1,4,1290.7190215226603,6,1,7,0.5,0.14285714285714285,0.0,0.0,1.0
Total_Oxalate,LogReg,2,0,1255.14241095093,6,2,8,0.4166666666666667,0.29166666666666663,-0.4472135954999579,0.2,2.0
Total_Oxalate,RandomForest,2,0,1255.14241095093,6,2,8,0.33333333333333337,0.26666666666666666,0.0,0.2,2.0
Total_Oxalate,MLP,2,0,1255.14241095093,6,2,8,0.4166666666666667,0.29166666666666663,0.0,0.2,2.0
Total_Oxalate,XGBoost,2,0,1255.14241095093,6,2,8,0.4166666666666667,0.29166666666666663,0.0,0.2,2.0
Total_Oxalate,LightGBM,2,0,1255.14241095093,6,2,8,0.5,0.25,0.0,0.0,2.0
Total_Oxalate,LogReg,2,1,1255.14241095093,6,2,8,0.9166666666666667,0.8333333333333333,0.7453559924999299,0.4,2.0
Total_Oxalate,RandomForest,2,1,1255.14241095093,6,2,8,0.6666666666666667,0.45,0.0,0.4,2.0
Total_Oxalate,MLP,2,1,1255.14241095093,6,2,8,0.8333333333333334,0.75,0.6546536707079772,0.4,2.0
Total_Oxalate,XGBoost,2,1,1255.14241095093,6,2,8,0.5,0.3333333333333333,-0.3333333333333333,0.2,2.0
Total_Oxalate,LightGBM,2,1,1255.14241095093,6,2,8,0.5,0.25,0.0,0.2,2.0
Total_Oxalate,LogReg,2,2,1266.4512709966402,6,2,7,0.5,0.3666666666666667,-0.2581988897471611,0.4,2.0
Total_Oxalate,RandomForest,2,2,1266.4512709966402,6,2,7,0.7,0.5,0.0,0.4,2.0
Total_Oxalate,MLP,2,2,1266.4512709966402,6,2,7,0.6,0.45,0.0,0.4,2.0
Total_Oxalate,XGBoost,2,2,1266.4512709966402,6,2,7,0.6,0.45,0.0,0.4,2.0
Total_Oxalate,LightGBM,2,2,1266.4512709966402,6,2,7,0.5,0.2857142857142857,0.0,0.4,2.0
Total_Oxalate,LogReg,2,3,1290.7190215226603,6,1,7,0.6666666666666667,0.3333333333333333,-0.2581988897471611,0.2,1.0
Total_Oxalate,RandomForest,2,3,1290.7190215226603,6,1,7,0.6666666666666667,0.3333333333333333,0.0,0.2,1.0
Total_Oxalate,MLP,2,3,1290.7190215226603,6,1,7,0.16666666666666663,0.16666666666666666,-0.16666666666666666,0.0,1.0
Total_Oxalate,XGBoost,2,3,1290.7190215226603,6,1,7,0.8333333333333334,0.5,-0.16666666666666666,0.2,1.0
Total_Oxalate,LightGBM,2,3,1290.7190215226603,6,1,7,0.5,0.14285714285714285,0.0,0.2,1.0
Total_Oxalate,LogReg,2,4,1290.7190215226603,6,1,7,0.8333333333333334,0.5,-0.16666666666666666,0.2,1.0
Total_Oxalate,RandomForest,2,4,1290.7190215226603,6,1,7,0.5,0.25,0.0,0.2,1.0
Total_Oxalate,MLP,2,4,1290.7190215226603,6,1,7,0.6666666666666667,0.3333333333333333,0.0,0.2,1.0
Total_Oxalate,XGBoost,2,4,1290.7190215226603,6,1,7,0.6666666666666667,0.3333333333333333,0.0,0.2,1.0
Total_Oxalate,LightGBM,2,4,1290.7190215226603,6,1,7,0.5,0.14285714285714285,0.0,0.2,1.0
Total_Oxalate,LogReg,3,0,1255.14241095093,6,2,8,0.6666666666666667,0.41666666666666663,0.14907119849998599,0.4,2.0
Total_Oxalate,RandomForest,3,0,1255.14241095093,6,2,8,0.8333333333333334,0.75,0.0,0.4,2.0
Total_Oxalate,MLP,3,0,1255.14241095093,6,2,8,0.5833333333333334,0.3666666666666667,0.0,0.4,2.0
Total_Oxalate,XGBoost,3,0,1255.14241095093,6,2,8,0.75,0.7,0.0,0.4,2.0
Total_Oxalate,LightGBM,3,0,1255.14241095093,6,2,8,0.5,0.25,0.0,0.0,2.0
Total_Oxalate,LogReg,3,1,1245.8815758047701,6,2,8,0.33333333333333337,0.26666666666666666,-0.5773502691896258,0.2,2.0
Total_Oxalate,RandomForest,3,1,1245.8815758047701,6,2,8,0.6666666666666667,0.41666666666666663,0.0,0.4,2.0
Total_Oxalate,MLP,3,1,1245.8815758047701,6,2,8,0.33333333333333337,0.26666666666666666,-0.4472135954999579,0.2,2.0
Total_Oxalate,XGBoost,3,1,1245.8815758047701,6,2,8,0.6666666666666667,0.41666666666666663,-0.3333333333333333,0.4,2.0
Total_Oxalate,LightGBM,3,1,1245.8815758047701,6,2,8,0.5,0.25,0.0,0.2,2.0
Total_Oxalate,LogReg,3,2,1264.1577838665003,6,2,7,0.6,0.41666666666666663,-0.2581988897471611,0.4,2.0
Total_Oxalate,RandomForest,3,2,1264.1577838665003,6,2,7,0.9,0.8333333333333333,0.0,0.4,2.0
Total_Oxalate,MLP,3,2,1264.1577838665003,6,2,7,0.7,0.7,0.6454972243679028,0.4,2.0
Total_Oxalate,XGBoost,3,2,1264.1577838665003,6,2,7,0.8,0.75,0.0,0.4,2.0
Total_Oxalate,LightGBM,3,2,1264.1577838665003,6,2,7,0.5,0.2857142857142857,0.0,0.4,2.0
Total_Oxalate,LogReg,3,3,1290.7190215226603,6,1,7,0.8333333333333334,0.5,0.0,0.2,1.0
Total_Oxalate,RandomForest,3,3,1290.7190215226603,6,1,7,0.6666666666666667,0.3333333333333333,0.0,0.2,1.0
Total_Oxalate,MLP,3,3,1290.7190215226603,6,1,7,0.16666666666666663,0.16666666666666666,0.0,0.0,1.0
Total_Oxalate,XGBoost,3,3,1290.7190215226603,6,1,7,0.16666666666666663,0.16666666666666666,0.0,0.0,1.0
Total_Oxalate,LightGBM,3,3,1290.7190215226603,6,1,7,0.5,0.14285714285714285,0.0,0.2,1.0
Total_Oxalate,LogReg,3,4,1290.7190215226603,6,1,7,1.0,1.0,0.47140452079103173,0.2,1.0
Total_Oxalate,RandomForest,3,4,1290.7190215226603,6,1,7,0.6666666666666667,0.3333333333333333,0.0,0.2,1.0
Total_Oxalate,MLP,3,4,1290.7190215226603,6,1,7,1.0,1.0,0.47140452079103173,0.2,1.0
Total_Oxalate,XGBoost,3,4,1290.7190215226603,6,1,7,0.8333333333333334,0.5,-0.16666666666666666,0.2,1.0
Total_Oxalate,LightGBM,3,4,1290.7190215226603,6,1,7,0.5,0.14285714285714285,0.0,0.2,1.0
Total_Oxalate,LogReg,4,0,1255.14241095093,6,2,8,0.3333333333333333,0.26785714285714285,-0.14907119849998599,0.2,2.0
Total_Oxalate,RandomForest,4,0,1255.14241095093,6,2,8,0.3333333333333333,0.26785714285714285,0.0,0.2,2.0
Total_Oxalate,MLP,4,0,1255.14241095093,6,2,8,0.3333333333333333,0.26785714285714285,0.0,0.2,2.0
Total_Oxalate,XGBoost,4,0,1255.14241095093,6,2,8,0.3333333333333333,0.26785714285714285,-0.3333333333333333,0.2,2.0
Total_Oxalate,LightGBM,4,0,1255.14241095093,6,2,8,0.5,0.25,0.0,0.4,2.0
Total_Oxalate,LogReg,4,1,1286.4537756101502,6,1,8,0.5714285714285714,0.25,-0.2182178902359924,0.2,1.0
Total_Oxalate,RandomForest,4,1,1286.4537756101502,6,1,8,0.7142857142857143,0.3333333333333333,0.0,0.2,1.0
Total_Oxalate,MLP,4,1,1286.4537756101502,6,1,8,0.5714285714285714,0.25,-0.2182178902359924,0.2,1.0
Total_Oxalate,XGBoost,4,1,1286.4537756101502,6,1,8,0.7142857142857143,0.3333333333333333,-0.2182178902359924,0.2,1.0
Total_Oxalate,LightGBM,4,1,1286.4537756101502,6,1,8,0.5,0.125,0.0,0.0,1.0
Total_Oxalate,LogReg,4,2,1236.1543213420102,6,3,7,0.75,0.6388888888888888,0.4166666666666667,0.6,3.0
Total_Oxalate,RandomForest,4,2,1236.1543213420102,6,3,7,0.75,0.7555555555555555,0.0,0.6,3.0
Total_Oxalate,MLP,4,2,1236.1543213420102,6,3,7,0.8333333333333333,0.8666666666666667,0.4166666666666667,0.6,3.0
Total_Oxalate,XGBoost,4,2,1236.1543213420102,6,3,7,0.6666666666666666,0.7,0.47140452079103173,0.6,3.0
Total_Oxalate,LightGBM,4,2,1236.1543213420102,6,3,7,0.5,0.42857142857142855,0.0,0.2,3.0
Total_Oxalate,LogReg,4,3,1290.7190215226603,6,1,7,1.0,1.0,0.6454972243679028,0.2,1.0
Total_Oxalate,RandomForest,4,3,1290.7190215226603,6,1,7,1.0,1.0,0.0,0.2,1.0
Total_Oxalate,MLP,4,3,1290.7190215226603,6,1,7,1.0,1.0,1.0,0.2,1.0
Total_Oxalate,XGBoost,4,3,1290.7190215226603,6,1,7,0.5,0.25,-0.16666666666666666,0.2,1.0
Total_Oxalate,LightGBM,4,3,1290.7190215226603,6,1,7,0.5,0.14285714285714285,0.0,0.0,1.0
Total_Oxalate,LogReg,4,4,1290.7190215226603,6,1,7,0.5,0.25,0.2581988897471611,0.2,1.0
Total_Oxalate,RandomForest,4,4,1290.7190215226603,6,1,7,0.16666666666666663,0.16666666666666666,0.0,0.0,1.0
Total_Oxalate,MLP,4,4,1290.7190215226603,6,1,7,1.0,1.0,0.3535533905932738,0.2,1.0
Total_Oxalate,XGBoost,4,4,1290.7190215226603,6,1,7,0.33333333333333337,0.2,0.0,0.2,1.0
Total_Oxalate,LightGBM,4,4,1290.7190215226603,6,1,7,0.5,0.14285714285714285,0.0,0.2,1.0
Soluble_Oxalate,LogReg,0,0,420.1886903514292,6,2,8,0.9166666666666667,0.8333333333333333,0.6546536707079772,0.4,2.0
Soluble_Oxalate,RandomForest,0,0,420.1886903514292,6,2,8,0.75,0.7,0.0,0.4,2.0
Soluble_Oxalate,MLP,0,0,420.1886903514292,6,2,8,0.9166666666666667,0.8333333333333333,0.6546536707079772,0.4,2.0
Soluble_Oxalate,XGBoost,0,0,420.1886903514292,6,2,8,0.5833333333333334,0.3666666666666667,0.0,0.4,2.0
Soluble_Oxalate,LightGBM,0,0,420.1886903514292,6,2,8,0.5,0.25,0.0,0.2,2.0
Soluble_Oxalate,LogReg,0,1,420.1886903514292,6,2,8,0.8333333333333334,0.75,0.6546536707079772,0.4,2.0
Soluble_Oxalate,RandomForest,0,1,420.1886903514292,6,2,8,0.9166666666666667,0.8333333333333333,0.0,0.4,2.0
Soluble_Oxalate,MLP,0,1,420.1886903514292,6,2,8,0.8333333333333334,0.75,0.3333333333333333,0.4,2.0
Soluble_Oxalate,XGBoost,0,1,420.1886903514292,6,2,8,0.9166666666666667,0.8333333333333333,0.0,0.4,2.0
Soluble_Oxalate,LightGBM,0,1,420.1886903514292,6,2,8,0.5,0.25,0.0,0.2,2.0
Soluble_Oxalate,LogReg,0,3,424.1220728543268,6,1,7,0.8333333333333334,0.5,0.2581988897471611,0.2,1.0
Soluble_Oxalate,RandomForest,0,3,424.1220728543268,6,1,7,0.5,0.25,0.0,0.2,1.0
Soluble_Oxalate,MLP,0,3,424.1220728543268,6,1,7,0.8333333333333334,0.5,0.47140452079103173,0.2,1.0
Soluble_Oxalate,XGBoost,0,3,424.1220728543268,6,1,7,0.6666666666666667,0.3333333333333333,-0.16666666666666666,0.2,1.0
Soluble_Oxalate,LightGBM,0,3,424.1220728543268,6,1,7,0.5,0.14285714285714285,0.0,0.2,1.0
Soluble_Oxalate,LogReg,0,4,419.5113523943646,6,2,7,0.8,0.5833333333333333,0.7302967433402214,0.4,2.0
Soluble_Oxalate,RandomForest,0,4,419.5113523943646,6,2,7,0.9,0.8333333333333333,0.0,0.4,2.0
Soluble_Oxalate,MLP,0,4,419.5113523943646,6,2,7,0.8,0.5833333333333333,-0.2581988897471611,0.4,2.0
Soluble_Oxalate,XGBoost,0,4,419.5113523943646,6,2,7,0.8,0.75,0.3,0.4,2.0
Soluble_Oxalate,LightGBM,0,4,419.5113523943646,6,2,7,0.5,0.2857142857142857,0.0,0.4,2.0
Soluble_Oxalate,LogReg,1,0,419.5395546934749,6,2,8,0.9166666666666667,0.8333333333333333,0.5773502691896258,0.4,2.0
Soluble_Oxalate,RandomForest,1,0,419.5395546934749,6,2,8,0.5,0.325,0.0,0.4,2.0
Soluble_Oxalate,MLP,1,0,419.5395546934749,6,2,8,0.7500000000000001,0.5,0.3333333333333333,0.4,2.0
Soluble_Oxalate,XGBoost,1,0,419.5395546934749,6,2,8,0.6666666666666667,0.45,0.0,0.4,2.0
Soluble_Oxalate,LightGBM,1,0,419.5395546934749,6,2,8,0.5,0.25,0.0,0.4,2.0
Soluble_Oxalate,LogReg,1,1,420.1886903514292,6,2,8,0.6666666666666667,0.45,-0.2182178902359924,0.4,2.0
Soluble_Oxalate,RandomForest,1,1,420.1886903514292,6,2,8,0.6666666666666667,0.45,0.0,0.4,2.0
Soluble_Oxalate,MLP,1,1,420.1886903514292,6,2,8,0.8333333333333334,0.5833333333333333,0.0,0.4,2.0
Soluble_Oxalate,XGBoost,1,1,420.1886903514292,6,2,8,0.5833333333333334,0.41666666666666663,0.0,0.2,2.0
Soluble_Oxalate,LightGBM,1,1,420.1886903514292,6,2,8,0.5,0.25,0.0,0.4,2.0
Soluble_Oxalate,LogReg,1,2,424.1220728543268,6,1,7,1.0,1.0,1.0,0.2,1.0
Soluble_Oxalate,RandomForest,1,2,424.1220728543268,6,1,7,1.0,1.0,0.0,0.2,1.0
Soluble_Oxalate,MLP,1,2,424.1220728543268,6,1,7,1.0,1.0,1.0,0.2,1.0
Soluble_Oxalate,XGBoost,1,2,424.1220728543268,6,1,7,1.0,1.0,1.0,0.2,1.0
Soluble_Oxalate,LightGBM,1,2,424.1220728543268,6,1,7,0.5,0.14285714285714285,0.0,0.2,1.0
Soluble_Oxalate,LogReg,1,3,424.1220728543268,6,1,7,0.8333333333333334,0.5,-0.16666666666666666,0.2,1.0
Soluble_Oxalate,RandomForest,1,3,424.1220728543268,6,1,7,0.8333333333333334,0.5,0.0,0.2,1.0
Soluble_Oxalate,MLP,1,3,424.1220728543268,6,1,7,0.8333333333333334,0.5,0.6454972243679028,0.2,1.0
Soluble_Oxalate,XGBoost,1,3,424.1220728543268,6,1,7,0.6666666666666667,0.3333333333333333,0.0,0.2,1.0
Soluble_Oxalate,LightGBM,1,3,424.1220728543268,6,1,7,0.5,0.14285714285714285,0.0,0.2,1.0
Soluble_Oxalate,LogReg,1,4,419.5113523943646,6,2,7,0.9,0.8333333333333333,0.3,0.4,2.0
Soluble_Oxalate,RandomForest,1,4,419.5113523943646,6,2,7,0.5,0.41666666666666663,0.0,0.2,2.0
Soluble_Oxalate,MLP,1,4,419.5113523943646,6,2,7,0.7,0.7,0.0,0.4,2.0
Soluble_Oxalate,XGBoost,1,4,419.5113523943646,6,2,7,0.5,0.3666666666666667,-0.2581988897471611,0.4,2.0
Soluble_Oxalate,LightGBM,1,4,419.5113523943646,6,2,7,0.5,0.2857142857142857,0.0,0.2,2.0
Soluble_Oxalate,LogReg,2,0,419.5395546934749,6,2,8,0.8333333333333334,0.5833333333333333,0.3333333333333333,0.4,2.0
Soluble_Oxalate,RandomForest,2,0,419.5395546934749,6,2,8,0.6666666666666667,0.6666666666666666,0.0,0.2,2.0
Soluble_Oxalate,MLP,2,0,419.5395546934749,6,2,8,0.5833333333333333,0.6428571428571428,0.6546536707079772,0.2,2.0
Soluble_Oxalate,XGBoost,2,0,419.5395546934749,6,2,8,0.7500000000000001,0.5,0.0,0.4,2.0
Soluble_Oxalate,LightGBM,2,0,419.5395546934749,6,2,8,0.5,0.25,0.0,0.2,2.0
Soluble_Oxalate,LogReg,2,1,420.1886903514292,6,2,8,0.8333333333333334,0.75,0.6546536707079772,0.4,2.0
Soluble_Oxalate,RandomForest,2,1,420.1886903514292,6,2,8,0.8333333333333334,0.75,0.0,0.4,2.0
Soluble_Oxalate,MLP,2,1,420.1886903514292,6,2,8,0.75,0.7,0.6546536707079772,0.4,2.0
Soluble_Oxalate,XGBoost,2,1,420.1886903514292,6,2,8,0.75,0.7,0.0,0.4,2.0
Soluble_Oxalate,LightGBM,2,1,420.1886903514292,6,2,8,0.5,0.25,0.0,0.2,2.0
Soluble_Oxalate,LogReg,2,2,424.1220728543268,6,1,7,1.0,1.0,0.47140452079103173,0.2,1.0
Soluble_Oxalate,RandomForest,2,2,424.1220728543268,6,1,7,0.8333333333333334,0.5,0.0,0.2,1.0
Soluble_Oxalate,MLP,2,2,424.1220728543268,6,1,7,1.0,1.0,0.6454972243679028,0.2,1.0
Soluble_Oxalate,XGBoost,2,2,424.1220728543268,6,1,7,1.0,1.0,1.0,0.2,1.0
Soluble_Oxalate,LightGBM,2,2,424.1220728543268,6,1,7,0.5,0.14285714285714285,0.0,0.2,1.0
Soluble_Oxalate,LogReg,2,3,424.1220728543268,6,1,7,1.0,1.0,1.0,0.2,1.0
Soluble_Oxalate,RandomForest,2,3,424.1220728543268,6,1,7,0.8333333333333334,0.5,0.0,0.2,1.0
Soluble_Oxalate,MLP,2,3,424.1220728543268,6,1,7,1.0,1.0,0.6454972243679028,0.2,1.0
Soluble_Oxalate,XGBoost,2,3,424.1220728543268,6,1,7,0.6666666666666667,0.3333333333333333,0.0,0.2,1.0
Soluble_Oxalate,LightGBM,2,3,424.1220728543268,6,1,7,0.5,0.14285714285714285,0.0,0.2,1.0
Soluble_Oxalate,LogReg,2,4,419.5113523943646,6,2,7,0.7,0.5,0.5477225575051661,0.4,2.0
Soluble_Oxalate,RandomForest,2,4,419.5113523943646,6,2,7,0.8,0.75,0.0,0.4,2.0
Soluble_Oxalate,MLP,2,4,419.5113523943646,6,2,7,0.6,0.45,0.09128709291752768,0.4,2.0
Soluble_Oxalate,XGBoost,2,4,419.5113523943646,6,2,7,0.7,0.7,0.0,0.4,2.0
Soluble_Oxalate,LightGBM,2,4,419.5113523943646,6,2,7,0.5,0.2857142857142857,0.0,0.4,2.0
Soluble_Oxalate,LogReg,3,0,423.9914276148368,6,1,8,0.5714285714285714,0.25,-0.2182178902359924,0.2,1.0
Soluble_Oxalate,RandomForest,3,0,423.9914276148368,6,1,8,0.4285714285714286,0.2,0.0,0.2,1.0
Soluble_Oxalate,MLP,3,0,423.9914276148368,6,1,8,0.5714285714285714,0.25,0.0,0.2,1.0
Soluble_Oxalate,XGBoost,3,0,423.9914276148368,6,1,8,0.8571428571428572,0.5,0.0,0.2,1.0
Soluble_Oxalate,LightGBM,3,0,423.9914276148368,6,1,8,0.5,0.125,0.0,0.0,1.0
Soluble_Oxalate,LogReg,3,1,415.7368174300672,6,3,8,0.8666666666666667,0.8666666666666667,0.4666666666666667,0.6,3.0
Soluble_Oxalate,RandomForest,3,1,415.7368174300672,6,3,8,0.9333333333333333,0.9166666666666666,0.0,0.6,3.0
Soluble_Oxalate,MLP,3,1,415.7368174300672,6,3,8,0.8,0.8333333333333333,0.4666666666666667,0.4,3.0
Soluble_Oxalate,XGBoost,3,1,415.7368174300672,6,3,8,0.8666666666666667,0.8055555555555556,0.4879500364742666,0.6,3.0
Soluble_Oxalate,LightGBM,3,1,415.7368174300672,6,3,8,0.5,0.375,0.0,0.4,3.0
Soluble_Oxalate,LogReg,3,2,424.1220728543268,6,1,7,0.33333333333333337,0.2,0.0,0.2,1.0
Soluble_Oxalate,RandomForest,3,2,424.1220728543268,6,1,7,0.8333333333333334,0.5,0.0,0.2,1.0
Soluble_Oxalate,MLP,3,2,424.1220728543268,6,1,7,0.8333333333333334,0.5,-0.16666666666666666,0.2,1.0
Soluble_Oxalate,XGBoost,3,2,424.1220728543268,6,1,7,0.8333333333333334,0.5,0.0,0.2,1.0
Soluble_Oxalate,LightGBM,3,2,424.1220728543268,6,1,7,0.5,0.14285714285714285,0.0,0.2,1.0
Soluble_Oxalate,LogReg,3,3,424.1220728543268,6,1,7,1.0,1.0,1.0,0.2,1.0
Soluble_Oxalate,RandomForest,3,3,424.1220728543268,6,1,7,0.5,0.25,0.0,0.2,1.0
Soluble_Oxalate,MLP,3,3,424.1220728543268,6,1,7,0.6666666666666667,0.3333333333333333,0.0,0.2,1.0
Soluble_Oxalate,XGBoost,3,3,424.1220728543268,6,1,7,0.5,0.25,0.0,0.2,1.0
Soluble_Oxalate,LightGBM,3,3,424.1220728543268,6,1,7,0.5,0.14285714285714285,0.0,0.2,1.0
Soluble_Oxalate,LogReg,3,4,419.5113523943646,6,2,7,0.9,0.8333333333333333,0.4,0.4,2.0
Soluble_Oxalate,RandomForest,3,4,419.5113523943646,6,2,7,0.8,0.5833333333333333,0.0,0.4,2.0
Soluble_Oxalate,MLP,3,4,419.5113523943646,6,2,7,0.8,0.5833333333333333,0.5477225575051661,0.4,2.0
Soluble_Oxalate,XGBoost,3,4,419.5113523943646,6,2,7,1.0,1.0,1.0,0.4,2.0
Soluble_Oxalate,LightGBM,3,4,419.5113523943646,6,2,7,0.5,0.2857142857142857,0.0,0.4,2.0
Soluble_Oxalate,LogReg,4,0,420.1886903514292,6,2,8,0.8333333333333334,0.75,0.6546536707079772,0.4,2.0
Soluble_Oxalate,RandomForest,4,0,420.1886903514292,6,2,8,0.6666666666666667,0.45,0.0,0.4,2.0
Soluble_Oxalate,MLP,4,0,420.1886903514292,6,2,8,0.75,0.7,0.3333333333333333,0.4,2.0
Soluble_Oxalate,XGBoost,4,0,420.1886903514292,6,2,8,0.7500000000000001,0.5,0.0,0.4,2.0
Soluble_Oxalate,LightGBM,4,0,420.1886903514292,6,2,8,0.5,0.25,0.0,0.2,2.0
Soluble_Oxalate,LogReg,4,1,423.9914276148368,6,1,8,1.0,1.0,0.4879500364742666,0.2,1.0
Soluble_Oxalate,RandomForest,4,1,423.9914276148368,6,1,8,1.0,1.0,0.0,0.2,1.0
Soluble_Oxalate,MLP,4,1,423.9914276148368,6,1,8,1.0,1.0,0.6546536707079772,0.2,1.0
Soluble_Oxalate,XGBoost,4,1,423.9914276148368,6,1,8,1.0,1.0,1.0,0.2,1.0
Soluble_Oxalate,LightGBM,4,1,423.9914276148368,6,1,8,0.5,0.125,0.0,0.2,1.0
Soluble_Oxalate,LogReg,4,2,425.34013503164186,6,1,7,0.5,0.25,-0.3535533905932738,0.2,1.0
Soluble_Oxalate,RandomForest,4,2,425.34013503164186,6,1,7,0.6666666666666667,0.3333333333333333,0.0,0.2,1.0
Soluble_Oxalate,MLP,4,2,425.34013503164186,6,1,7,0.5,0.25,-0.3535533905932738,0.2,1.0
Soluble_Oxalate,XGBoost,4,2,425.34013503164186,6,1,7,0.5,0.25,-0.16666666666666666,0.2,1.0
Soluble_Oxalate,LightGBM,4,2,425.34013503164186,6,1,7,0.5,0.14285714285714285,0.0,0.2,1.0
Soluble_Oxalate,LogReg,4,3,424.1220728543268,6,1,7,0.16666666666666663,0.16666666666666666,-0.16666666666666666,0.0,1.0
Soluble_Oxalate,RandomForest,4,3,424.1220728543268,6,1,7,0.33333333333333337,0.2,0.0,0.2,1.0
Soluble_Oxalate,MLP,4,3,424.1220728543268,6,1,7,0.16666666666666663,0.16666666666666666,0.0,0.0,1.0
Soluble_Oxalate,XGBoost,4,3,424.1220728543268,6,1,7,0.33333333333333337,0.2,0.0,0.2,1.0
Soluble_Oxalate,LightGBM,4,3,424.1220728543268,6,1,7,0.5,0.14285714285714285,0.0,0.2,1.0
Soluble_Oxalate,LogReg,4,4,419.5113523943646,6,2,7,0.9,0.8333333333333333,0.5477225575051661,0.4,2.0
Soluble_Oxalate,RandomForest,4,4,419.5113523943646,6,2,7,0.8,0.75,0.0,0.4,2.0
Soluble_Oxalate,MLP,4,4,419.5113523943646,6,2,7,0.8,0.75,0.09128709291752768,0.4,2.0
Soluble_Oxalate,XGBoost,4,4,419.5113523943646,6,2,7,0.7,0.7,0.6454972243679028,0.4,2.0
Soluble_Oxalate,LightGBM,4,4,419.5113523943646,6,2,7,0.5,0.2857142857142857,0.0,0.4,2.0
Insoluble_Oxalate,LogReg,0,0,996.8684642810803,6,2,8,0.5833333333333334,0.41666666666666663,0.14907119849998599,0.2,2.0
Insoluble_Oxalate,RandomForest,0,0,996.8684642810803,6,2,8,0.6666666666666667,0.45,0.0,0.4,2.0
Insoluble_Oxalate,MLP,0,0,996.8684642810803,6,2,8,0.6666666666666667,0.6666666666666666,0.3333333333333333,0.2,2.0
Insoluble_Oxalate,XGBoost,0,0,996.8684642810803,6,2,8,0.7500000000000001,0.5,-0.2182178902359924,0.4,2.0
Insoluble_Oxalate,LightGBM,0,0,996.8684642810803,6,2,8,0.5,0.25,0.0,0.2,2.0
Insoluble_Oxalate,LogReg,0,1,996.8684642810803,6,2,8,0.8333333333333334,0.75,0.14907119849998599,0.4,2.0
Insoluble_Oxalate,RandomForest,0,1,996.8684642810803,6,2,8,0.8333333333333334,0.75,0.0,0.4,2.0
Insoluble_Oxalate,MLP,0,1,996.8684642810803,6,2,8,0.8333333333333334,0.75,0.14907119849998599,0.4,2.0
Insoluble_Oxalate,XGBoost,0,1,996.8684642810803,6,2,8,1.0,1.0,0.0,0.4,2.0
Insoluble_Oxalate,LightGBM,0,1,996.8684642810803,6,2,8,0.5,0.25,0.0,0.2,2.0
Insoluble_Oxalate,LogReg,0,2,987.8252944286337,6,2,7,0.6,0.45,-0.09128709291752768,0.4,2.0
Insoluble_Oxalate,RandomForest,0,2,987.8252944286337,6,2,7,0.8,0.5833333333333333,0.0,0.4,2.0
Insoluble_Oxalate,MLP,0,2,987.8252944286337,6,2,7,0.5,0.3666666666666667,-0.2581988897471611,0.4,2.0
Insoluble_Oxalate,XGBoost,0,2,987.8252944286337,6,2,7,0.5,0.41666666666666663,0.0,0.2,2.0
Insoluble_Oxalate,LightGBM,0,2,987.8252944286337,6,2,7,0.5,0.2857142857142857,0.0,0.4,2.0
Insoluble_Oxalate,LogReg,0,4,1027.520488540048,6,1,7,0.33333333333333337,0.2,-0.47140452079103173,0.2,1.0
Insoluble_Oxalate,RandomForest,0,4,1027.520488540048,6,1,7,0.16666666666666663,0.16666666666666666,0.0,0.0,1.0
Insoluble_Oxalate,MLP,0,4,1027.520488540048,6,1,7,0.33333333333333337,0.2,-0.47140452079103173,0.2,1.0
Insoluble_Oxalate,XGBoost,0,4,1027.520488540048,6,1,7,0.16666666666666663,0.16666666666666666,-0.2581988897471611,0.0,1.0
Insoluble_Oxalate,LightGBM,0,4,1027.520488540048,6,1,7,0.5,0.14285714285714285,0.0,0.2,1.0
Insoluble_Oxalate,LogReg,1,0,996.8684642810803,6,2,8,0.75,0.7,0.6546536707079772,0.4,2.0
Insoluble_Oxalate,RandomForest,1,0,996.8684642810803,6,2,8,0.5,0.325,0.0,0.4,2.0
Insoluble_Oxalate,MLP,1,0,996.8684642810803,6,2,8,0.8333333333333334,0.75,0.0,0.4,2.0
Insoluble_Oxalate,XGBoost,1,0,996.8684642810803,6,2,8,0.25,0.25,0.0,0.2,2.0
Insoluble_Oxalate,LightGBM,1,0,996.8684642810803,6,2,8,0.5,0.25,0.0,0.4,2.0
Insoluble_Oxalate,LogReg,1,1,996.8684642810803,6,2,8,0.4166666666666667,0.29166666666666663,-0.4472135954999579,0.2,2.0
Insoluble_Oxalate,RandomForest,1,1,996.8684642810803,6,2,8,0.6666666666666667,0.41666666666666663,0.0,0.4,2.0
Insoluble_Oxalate,MLP,1,1,996.8684642810803,6,2,8,0.25,0.24285714285714285,0.0,0.2,2.0
Insoluble_Oxalate,XGBoost,1,1,996.8684642810803,6,2,8,0.7500000000000001,0.5,0.0,0.4,2.0
Insoluble_Oxalate,LightGBM,1,1,996.8684642810803,6,2,8,0.5,0.25,0.0,0.2,2.0
Insoluble_Oxalate,LogReg,1,2,991.3478091302618,6,2,7,0.5,0.41666666666666663,0.09128709291752768,0.2,2.0
Insoluble_Oxalate,RandomForest,1,2,991.3478091302618,6,2,7,0.8,0.5833333333333333,0.0,0.4,2.0
Insoluble_Oxalate,MLP,1,2,991.3478091302618,6,2,7,0.3,0.30952380952380953,-0.2581988897471611,0.2,2.0
Insoluble_Oxalate,XGBoost,1,2,991.3478091302618,6,2,7,0.6,0.6666666666666666,0.3,0.2,2.0
Insoluble_Oxalate,LightGBM,1,2,991.3478091302618,6,2,7,0.5,0.2857142857142857,0.0,0.2,2.0
Insoluble_Oxalate,LogReg,1,3,1027.520488540048,6,1,7,0.6666666666666667,0.3333333333333333,-0.16666666666666666,0.2,1.0
Insoluble_Oxalate,RandomForest,1,3,1027.520488540048,6,1,7,0.6666666666666667,0.3333333333333333,0.0,0.2,1.0
Insoluble_Oxalate,MLP,1,3,1027.520488540048,6,1,7,0.8333333333333334,0.5,-0.16666666666666666,0.2,1.0
Insoluble_Oxalate,XGBoost,1,3,1027.520488540048,6,1,7,0.5,0.25,-0.16666666666666666,0.2,1.0
Insoluble_Oxalate,LightGBM,1,3,1027.520488540048,6,1,7,0.5,0.14285714285714285,0.0,0.0,1.0
Insoluble_Oxalate,LogReg,1,4,1027.520488540048,6,1,7,0.5,0.25,0.3535533905932738,0.2,1.0
Insoluble_Oxalate,RandomForest,1,4,1027.520488540048,6,1,7,0.5,0.25,0.0,0.2,1.0
Insoluble_Oxalate,MLP,1,4,1027.520488540048,6,1,7,0.5,0.25,-0.2581988897471611,0.2,1.0
Insoluble_Oxalate,XGBoost,1,4,1027.520488540048,6,1,7,0.5,0.25,-0.2581988897471611,0.2,1.0
Insoluble_Oxalate,LightGBM,1,4,1027.520488540048,6,1,7,0.5,0.14285714285714285,0.0,0.0,1.0
Insoluble_Oxalate,LogReg,2,0,1003.9134936843363,6,2,8,0.4166666666666667,0.29166666666666663,-0.4472135954999579,0.2,2.0
Insoluble_Oxalate,RandomForest,2,0,1003.9134936843363,6,2,8,0.33333333333333337,0.26666666666666666,0.0,0.2,2.0
Insoluble_Oxalate,MLP,2,0,1003.9134936843363,6,2,8,0.4166666666666667,0.29166666666666663,0.0,0.2,2.0
Insoluble_Oxalate,XGBoost,2,0,1003.9134936843363,6,2,8,0.4166666666666667,0.29166666666666663,0.0,0.2,2.0
Insoluble_Oxalate,LightGBM,2,0,1003.9134936843363,6,2,8,0.5,0.25,0.0,0.0,2.0
Insoluble_Oxalate,LogReg,2,1,996.8684642810803,6,2,8,0.9166666666666667,0.8333333333333333,0.7453559924999299,0.4,2.0
Insoluble_Oxalate,RandomForest,2,1,996.8684642810803,6,2,8,0.6666666666666667,0.45,0.0,0.4,2.0
Insoluble_Oxalate,MLP,2,1,996.8684642810803,6,2,8,0.8333333333333334,0.75,0.6546536707079772,0.4,2.0
Insoluble_Oxalate,XGBoost,2,1,996.8684642810803,6,2,8,0.5,0.3333333333333333,-0.3333333333333333,0.2,2.0
Insoluble_Oxalate,LightGBM,2,1,996.8684642810803,6,2,8,0.5,0.25,0.0,0.2,2.0
Insoluble_Oxalate,LogReg,2,2,987.8252944286337,6,2,7,0.5,0.3666666666666667,-0.2581988897471611,0.4,2.0
Insoluble_Oxalate,RandomForest,2,2,987.8252944286337,6,2,7,0.7,0.5,0.0,0.4,2.0
Insoluble_Oxalate,MLP,2,2,987.8252944286337,6,2,7,0.6,0.45,0.0,0.4,2.0
Insoluble_Oxalate,XGBoost,2,2,987.8252944286337,6,2,7,0.6,0.45,0.0,0.4,2.0
Insoluble_Oxalate,LightGBM,2,2,987.8252944286337,6,2,7,0.5,0.2857142857142857,0.0,0.4,2.0
Insoluble_Oxalate,LogReg,2,3,1027.520488540048,6,1,7,0.33333333333333337,0.2,-0.3535533905932738,0.2,1.0
Insoluble_Oxalate,RandomForest,2,3,1027.520488540048,6,1,7,0.5,0.25,0.0,0.2,1.0
Insoluble_Oxalate,MLP,2,3,1027.520488540048,6,1,7,0.0,0.14285714285714285,-0.2581988897471611,0.0,1.0
Insoluble_Oxalate,XGBoost,2,3,1027.520488540048,6,1,7,0.6666666666666667,0.3333333333333333,-0.16666666666666666,0.2,1.0
Insoluble_Oxalate,LightGBM,2,3,1027.520488540048,6,1,7,0.5,0.14285714285714285,0.0,0.2,1.0
Insoluble_Oxalate,LogReg,2,4,1031.194009950788,6,1,7,0.6666666666666667,0.3333333333333333,0.47140452079103173,0.2,1.0
Insoluble_Oxalate,RandomForest,2,4,1031.194009950788,6,1,7,0.6666666666666667,0.3333333333333333,0.0,0.2,1.0
Insoluble_Oxalate,MLP,2,4,1031.194009950788,6,1,7,0.5,0.25,-0.16666666666666666,0.2,1.0
Insoluble_Oxalate,XGBoost,2,4,1031.194009950788,6,1,7,1.0,1.0,0.0,0.2,1.0
Insoluble_Oxalate,LightGBM,2,4,1031.194009950788,6,1,7,0.5,0.14285714285714285,0.0,0.2,1.0
Insoluble_Oxalate,LogReg,3,0,1003.9134936843363,6,2,8,0.6666666666666667,0.41666666666666663,0.14907119849998599,0.4,2.0
Insoluble_Oxalate,RandomForest,3,0,1003.9134936843363,6,2,8,0.8333333333333334,0.75,0.0,0.4,2.0
Insoluble_Oxalate,MLP,3,0,1003.9134936843363,6,2,8,0.5833333333333334,0.3666666666666667,0.0,0.4,2.0
Insoluble_Oxalate,XGBoost,3,0,1003.9134936843363,6,2,8,0.75,0.7,0.0,0.4,2.0
Insoluble_Oxalate,LightGBM,3,0,1003.9134936843363,6,2,8,0.5,0.25,0.0,0.0,2.0
Insoluble_Oxalate,LogReg,3,1,980.0220060247598,6,2,8,0.33333333333333337,0.26666666666666666,-0.5773502691896258,0.2,2.0
Insoluble_Oxalate,RandomForest,3,1,980.0220060247598,6,2,8,0.6666666666666667,0.41666666666666663,0.0,0.4,2.0
Insoluble_Oxalate,MLP,3,1,980.0220060247598,6,2,8,0.33333333333333337,0.26666666666666666,-0.4472135954999579,0.2,2.0
Insoluble_Oxalate,XGBoost,3,1,980.0220060247598,6,2,8,0.6666666666666667,0.41666666666666663,-0.3333333333333333,0.4,2.0
Insoluble_Oxalate,LightGBM,3,1,980.0220060247598,6,2,8,0.5,0.25,0.0,0.2,2.0
Insoluble_Oxalate,LogReg,3,2,987.8252944286337,6,2,7,0.6,0.41666666666666663,-0.2581988897471611,0.4,2.0
Insoluble_Oxalate,RandomForest,3,2,987.8252944286337,6,2,7,0.9,0.8333333333333333,0.0,0.4,2.0
Insoluble_Oxalate,MLP,3,2,987.8252944286337,6,2,7,0.7,0.7,0.6454972243679028,0.4,2.0
Insoluble_Oxalate,XGBoost,3,2,987.8252944286337,6,2,7,0.8,0.75,0.0,0.4,2.0
Insoluble_Oxalate,LightGBM,3,2,987.8252944286337,6,2,7,0.5,0.2857142857142857,0.0,0.4,2.0
Insoluble_Oxalate,LogReg,3,3,1031.194009950788,6,1,7,0.8333333333333334,0.5,0.0,0.2,1.0
Insoluble_Oxalate,RandomForest,3,3,1031.194009950788,6,1,7,0.8333333333333334,0.5,0.0,0.2,1.0
Insoluble_Oxalate,MLP,3,3,1031.194009950788,6,1,7,0.16666666666666663,0.16666666666666666,-0.16666666666666666,0.0,1.0
Insoluble_Oxalate,XGBoost,3,3,1031.194009950788,6,1,7,0.8333333333333334,0.5,0.0,0.2,1.0
Insoluble_Oxalate,LightGBM,3,3,1031.194009950788,6,1,7,0.5,0.14285714285714285,0.0,0.2,1.0
Insoluble_Oxalate,LogReg,3,4,1027.520488540048,6,1,7,1.0,1.0,0.3535533905932738,0.2,1.0
Insoluble_Oxalate,RandomForest,3,4,1027.520488540048,6,1,7,0.6666666666666667,0.3333333333333333,0.0,0.2,1.0
Insoluble_Oxalate,MLP,3,4,1027.520488540048,6,1,7,1.0,1.0,0.47140452079103173,0.2,1.0
Insoluble_Oxalate,XGBoost,3,4,1027.520488540048,6,1,7,1.0,1.0,1.0,0.2,1.0
Insoluble_Oxalate,LightGBM,3,4,1027.520488540048,6,1,7,0.5,0.14285714285714285,0.0,0.2,1.0
Insoluble_Oxalate,LogReg,4,0,996.8684642810803,6,2,8,0.3333333333333333,0.26785714285714285,-0.14907119849998599,0.2,2.0
Insoluble_Oxalate,RandomForest,4,0,996.8684642810803,6,2,8,0.3333333333333333,0.26785714285714285,0.0,0.2,2.0
Insoluble_Oxalate,MLP,4,0,996.8684642810803,6,2,8,0.3333333333333333,0.26785714285714285,0.0,0.2,2.0
Insoluble_Oxalate,XGBoost,4,0,996.8684642810803,6,2,8,0.3333333333333333,0.26785714285714285,-0.3333333333333333,0.2,2.0
Insoluble_Oxalate,LightGBM,4,0,996.8684642810803,6,2,8,0.5,0.25,0.0,0.4,2.0
Insoluble_Oxalate,LogReg,4,1,996.8684642810803,6,2,8,0.6666666666666667,0.41666666666666663,-0.3333333333333333,0.4,2.0
Insoluble_Oxalate,RandomForest,4,1,996.8684642810803,6,2,8,0.6666666666666667,0.41666666666666663,0.0,0.4,2.0
Insoluble_Oxalate,MLP,4,1,996.8684642810803,6,2,8,0.6666666666666667,0.41666666666666663,-0.3333333333333333,0.4,2.0
Insoluble_Oxalate,XGBoost,4,1,996.8684642810803,6,2,8,0.6666666666666667,0.41666666666666663,-0.3333333333333333,0.4,2.0
Insoluble_Oxalate,LightGBM,4,1,996.8684642810803,6,2,8,0.5,0.25,0.0,0.2,2.0
Insoluble_Oxalate,LogReg,4,2,968.8858647885011,6,3,7,0.75,0.6388888888888888,0.4166666666666667,0.6,3.0
Insoluble_Oxalate,RandomForest,4,2,968.8858647885011,6,3,7,0.75,0.7555555555555555,0.0,0.6,3.0
Insoluble_Oxalate,MLP,4,2,968.8858647885011,6,3,7,0.8333333333333333,0.8666666666666667,0.4166666666666667,0.6,3.0
Insoluble_Oxalate,XGBoost,4,2,968.8858647885011,6,3,7,0.6666666666666666,0.7,0.47140452079103173,0.6,3.0
Insoluble_Oxalate,LightGBM,4,2,968.8858647885011,6,3,7,0.5,0.42857142857142855,0.0,0.2,3.0
Insoluble_Oxalate,LogReg,4,3,1027.520488540048,6,1,7,0.8333333333333334,0.5,0.6454972243679028,0.2,1.0
Insoluble_Oxalate,RandomForest,4,3,1027.520488540048,6,1,7,1.0,1.0,0.0,0.2,1.0
Insoluble_Oxalate,MLP,4,3,1027.520488540048,6,1,7,0.8333333333333334,0.5,-0.16666666666666666,0.2,1.0
Insoluble_Oxalate,XGBoost,4,3,1027.520488540048,6,1,7,0.8333333333333334,0.5,-0.16666666666666666,0.2,1.0
Insoluble_Oxalate,LightGBM,4,3,1027.520488540048,6,1,7,0.5,0.14285714285714285,0.0,0.0,1.0
Insoluble_Oxalate,LogReg,4,4,1027.520488540048,6,1,7,1.0,1.0,0.3535533905932738,0.2,1.0
Insoluble_Oxalate,RandomForest,4,4,1027.520488540048,6,1,7,0.6666666666666667,0.3333333333333333,0.0,0.2,1.0
Insoluble_Oxalate,MLP,4,4,1027.520488540048,6,1,7,1.0,1.0,0.2581988897471611,0.2,1.0
Insoluble_Oxalate,XGBoost,4,4,1027.520488540048,6,1,7,1.0,1.0,0.0,0.2,1.0
Insoluble_Oxalate,LightGBM,4,4,1027.520488540048,6,1,7,0.5,0.14285714285714285,0.0,0.2,1.0
